"","term","estimate","std.error","statistic","p.value","padj"
"1","PWY.7392..taxadiene.biosynthesis..engineered.",-0.00278710262005897,0.00113549762930282,-2.45452086216174,0.0141072478567726,1
"2","PWY.7282..4.amino.2.methyl.5.diphosphomethylpyrimidine.biosynthesis.II",-0.00100505242963135,0.00045953612237844,-2.18710212470231,0.0287350695762913,1
"3","PWY.6902..chitin.degradation.II..Vibrio.",-0.00102297571774104,0.00051609729297768,-1.98213734437332,0.0474638708878351,1
"4","PWY.2941..L.lysine.biosynthesis.II",-0.00129945044840424,0.000670269956586935,-1.93869714080747,0.0525382270246249,1
"5","PWY.8187..L.arginine.degradation.XIII..reductive.Stickland.reaction.",-0.00134535351903992,0.000713058405791557,-1.88673677795925,0.0591957383475743,1
"6","PWY.5121..superpathway.of.geranylgeranyl.diphosphate.biosynthesis.II..via.MEP.",-0.00101787271731515,0.000539893695201032,-1.88532062212015,0.0593865635915866,1
"7","PWY.5981..CDP.diacylglycerol.biosynthesis.III",-0.00441146414682076,0.00239409723867282,-1.84264200950596,0.0653812960560607,1
"8","PWY4FS.7..phosphatidylglycerol.biosynthesis.I..plastidic.",-0.000979324811883479,0.000548833744707098,-1.78437426876171,0.0743628693447642,1
"9","PWY4FS.8..phosphatidylglycerol.biosynthesis.II..non.plastidic.",-0.000979324811883479,0.000548833744707098,-1.78437426876171,0.0743628693447642,1
"10","GLCMANNANAUT.PWY..superpathway.of.N.acetylglucosamine..N.acetylmannosamine.and.N.acetylneuraminate.degradation",-0.00133910017092717,0.00077074558770212,-1.73740880556907,0.0823150380778394,1
"11","PWY.6385..peptidoglycan.biosynthesis.III..mycobacteria.",-0.000284672861481711,0.000166587657663567,-1.70884725479857,0.0874792468770797,1
"12","PWY.7323..superpathway.of.GDP.mannose.derived.O.antigen.building.blocks.biosynthesis",-0.00140255248199862,0.000826450403387683,-1.69708003801493,0.0896815296480334,1
"13","PWY.7383..anaerobic.energy.metabolism..invertebrates..cytosol.",-0.00114522469880743,0.00068900411146466,-1.66214494188279,0.0964837163305592,1
"14","NAGLIPASYN.PWY..lipid.IVA.biosynthesis..E..coli.",-0.000914270371348802,0.000563942289365786,-1.62121264638089,0.104972041494026,1
"15","PWY.8073..lipid.IVA.biosynthesis..P..putida.",-0.000914270371348802,0.000563942289365786,-1.62121264638089,0.104972041494026,1
"16","PWY.7197..pyrimidine.deoxyribonucleotide.phosphorylation",-0.00118164592301251,0.000734504716327775,-1.60876560319484,0.107667604773776,1
"17","COBALSYN.PWY..superpathway.of.adenosylcobalamin.salvage.from.cobinamide.I",-0.000653321457489784,0.000408255484878765,-1.60027600776458,0.109537366894621,1
"18","THISYNARA.PWY..superpathway.of.thiamine.diphosphate.biosynthesis.III..eukaryotes.",-0.000763764300838004,0.000483281126712827,-1.58037270363311,0.114021538893321,1
"19","PWY.5861..superpathway.of.demethylmenaquinol.8.biosynthesis.I",-0.00528130737002542,0.003527149103916,-1.49733034085853,0.134307323853782,1
"20","PWY.6168..flavin.biosynthesis.III..fungi.",-0.0012991156949933,0.000875384004589987,-1.48405235665892,0.137795031260923,1
"21","PWY.6630..superpathway.of.L.tyrosine.biosynthesis",-0.00147916155168636,0.00100253402820556,-1.47542278872461,0.140098912359271,1
"22","PWY.6876..isopropanol.biosynthesis..engineered.",-0.0361609273825969,0.0247046352808196,-1.46373046885949,0.14326760701805,1
"23","PWY.2942..L.lysine.biosynthesis.III",-0.000319554735978353,0.000219100023879043,-1.45848791031975,0.144706105092048,1
"24","PWY0.1241..ADP.L.glycero..beta..D.manno.heptose.biosynthesis",-0.00222701105207021,0.00153011562328834,-1.45545278943312,0.145543951091157,1
"25","P621.PWY..nylon.6.oligomer.degradation",0.0260103043367433,0.0180410489644034,1.4417290473555,0.149378825838782,1
"26","PWY.7761..NAD.salvage.pathway.II..PNC.IV.cycle.",-0.00118963557175753,0.000830639977792802,-1.4321915674209,0.152089004375809,1
"27","GLYCOLYSIS.E.D..superpathway.of.glycolysis.and.the.Entner.Doudoroff.pathway",-0.00145791975692655,0.00102349203614954,-1.42445637624242,0.154314404556373,1
"28","PANTOSYN.PWY..superpathway.of.coenzyme.A.biosynthesis.I..bacteria.",-0.000247319915462834,0.000175567405214177,-1.40868924480103,0.158927076542822,1
"29","PANTO.PWY..phosphopantothenate.biosynthesis.I",-0.000246289014938862,0.000175426688114776,-1.40394268161594,0.160335918538344,1
"30","OANTIGEN.PWY..O.antigen.building.blocks.biosynthesis..E..coli.",-0.000585266435965872,0.000421452372025488,-1.38868938654467,0.164927222954727,1
"31","NONOXIPENT.PWY..pentose.phosphate.pathway..non.oxidative.branch..I",-0.000307818671529138,0.000221697837028668,-1.38846041826441,0.16499688962391,1
"32","PENTOSE.P.PWY..pentose.phosphate.pathway",-0.00056359501256583,0.000408874232836724,-1.37840677475729,0.168077732883216,1
"33","PEPTIDOGLYCANSYN.PWY..peptidoglycan.biosynthesis.I..meso.diaminopimelate.containing.",-0.000214329555675597,0.00015574320701635,-1.3761727383275,0.168768160115784,1
"34","PWY0.1261..anhydromuropeptides.recycling.I",-0.00116560983163937,0.000861341066813845,-1.35325003828163,0.17597576447561,1
"35","PWY.5971..palmitate.biosynthesis..type.II.fatty.acid.synthase.",-0.00104291692910727,0.000773029720278879,-1.34912914956365,0.177295486887672,1
"36","ARGININE.SYN4.PWY..L.ornithine.biosynthesis.II",-0.000393107800225317,0.000294530593824167,-1.33469258701186,0.181976980777152,1
"37","HISTSYN.PWY..L.histidine.biosynthesis",-0.000206487439049675,0.000155698770180295,-1.32619826611712,0.18477403347854,1
"38","PWY.6731..starch.degradation.III",-0.000698908997449271,0.000528536699993586,-1.3223471472421,0.186052579786014,1
"39","PWY.5100..pyruvate.fermentation.to.acetate.and.lactate.II",-0.000533751091859718,0.000406699701838274,-1.31239607368084,0.189386530971496,1
"40","PWY.724..superpathway.of.L.lysine..L.threonine.and.L.methionine.biosynthesis.II",-0.000309596338924962,0.000238131139520848,-1.30010858532787,0.193563755568402,1
"41","PWY.6386..UDP.N.acetylmuramoyl.pentapeptide.biosynthesis.II..lysine.containing.",-0.000209886929555538,0.000163560234125889,-1.28323935629728,0.199408231583178,1
"42","P42.PWY..incomplete.reductive.TCA.cycle",-0.00262348505360246,0.00207236382460257,-1.26593845272587,0.205535118203393,1
"43","PWY.7208..superpathway.of.pyrimidine.nucleobases.salvage",-0.000545587144093283,0.000434257140104741,-1.25636885086493,0.208982269695718,1
"44","POLYISOPRENSYN.PWY..polyisoprenoid.biosynthesis..E..coli.",-0.00121417997745621,0.00101489770791185,-1.19635700030733,0.231557273848168,1
"45","P41.PWY..pyruvate.fermentation.to.acetate.and..S..lactate.I",-0.000534531850100821,0.000447529394682694,-1.1944061249425,0.232319142091037,1
"46","PWY66.409..superpathway.of.purine.nucleotide.salvage",-0.00102880665665405,0.000872512534536134,-1.17913109087999,0.238345980051458,1
"47","PWY.7228..superpathway.of.guanosine.nucleotides.de.novo.biosynthesis.I",-0.000330910834527083,0.000281402060576115,-1.17593607470254,0.23962042187037,1
"48","PWY.5838..superpathway.of.menaquinol.8.biosynthesis.I",-0.00180978431110045,0.00156313137102631,-1.15779412060049,0.246948063265382,1
"49","ANAGLYCOLYSIS.PWY..glycolysis.III..from.glucose.",-0.000211312816132152,0.000185454229804945,-1.13943379104593,0.254522268732624,1
"50","PWY.6387..UDP.N.acetylmuramoyl.pentapeptide.biosynthesis.I..meso.diaminopimelate.containing.",-0.000168728651815379,0.000148111293089067,-1.13920180086412,0.254618994630076,1
"51","PWY.6607..guanosine.nucleotides.degradation.I",-0.00930905256483872,0.00818272321121257,-1.13764725074444,0.255267807894626,1
"52","P124.PWY..Bifidobacterium.shunt",-0.00883534988160162,0.00793368532192901,-1.11365015413207,0.265429301128623,1
"53","PWY.5897..superpathway.of.menaquinol.11.biosynthesis",-0.00178941454782249,0.00160805009274555,-1.11278532671037,0.265800638780122,1
"54","PWY.5898..superpathway.of.menaquinol.12.biosynthesis",-0.00178941454782249,0.00160805009274555,-1.11278532671037,0.265800638780122,1
"55","PWY.5899..superpathway.of.menaquinol.13.biosynthesis",-0.00178941454782249,0.00160805009274555,-1.11278532671037,0.265800638780122,1
"56","PWY.6859..all.trans.farnesol.biosynthesis",-0.00175774733078251,0.00160663070681863,-1.09405809519421,0.273929499536251,1
"57","PWY.5659..GDP.mannose.biosynthesis",-0.000479232289721365,0.000438958560103093,-1.09174836369249,0.274943720952819,1
"58","PWY.6807..xyloglucan.degradation.II..exoglucanase.",-0.00316560520295389,0.00292170972328528,-1.08347697162549,0.278596766928662,1
"59","PWY.6608..guanosine.nucleotides.degradation.III",-0.0005223001198332,0.000486515107458006,-1.07355375367924,0.283022734353378,1
"60","PWY.622..starch.biosynthesis",-0.00727256359860889,0.0068375182457615,-1.06362620723054,0.287498065371994,1
"61","PWY.5677..succinate.fermentation.to.butanoate",-0.0259049021648402,0.0246350858247718,-1.05154503414766,0.293008337404626,1
"62","PWY.6823..molybdopterin.biosynthesis",-0.000405559120593232,0.000385994470603157,-1.0506863478109,0.293402668247107,1
"63","PWY.6284..superpathway.of.unsaturated.fatty.acids.biosynthesis..E..coli.",-0.00224370708062908,0.00214005192286279,-1.04843581441128,0.294437860014353,1
"64","PWY.6749..CMP.legionaminate.biosynthesis.I",0.00244397644512756,0.00236633501986438,1.03281083388929,0.301692432720942,1
"65","HOMOSER.METSYN.PWY..L.methionine.biosynthesis.I",-0.00471615254381247,0.00456777560230381,-1.03248341302796,0.301845714050457,1
"66","PWY3O.4107..NAD.salvage.pathway.V..PNC.V.cycle.",-0.00312275884868266,0.00314159825856444,-0.994003240283693,0.320221289937321,1
"67","PWY.6353..purine.nucleotides.degradation.II..aerobic.",-0.000711832739366983,0.000716747556588547,-0.993142889464518,0.320640325237361,1
"68","PWY.5097..L.lysine.biosynthesis.VI",-0.000140976820836787,0.000142498061448517,-0.989324482057749,0.322504409561144,1
"69","PWY.6953..dTDP.3.acetamido..alpha..D.fucose.biosynthesis",0.00316417201156992,0.00320746059142389,0.986503784342755,0.323885959127121,1
"70","PWY.8004..Entner.Doudoroff.pathway.I",-0.000863481606227146,0.000889148777775503,-0.971132872034563,0.331482116321429,1
"71","PWY.8178..pentose.phosphate.pathway..non.oxidative.branch..II",-0.000188656832670712,0.00019793962056998,-0.953102931729702,0.340537920865956,1
"72","PWY.7400..L.arginine.biosynthesis.IV..archaebacteria.",-0.000299203898072732,0.000314229562483417,-0.952182524483264,0.3410044221588,1
"73","RHAMCAT.PWY..L.rhamnose.degradation.I",-0.000358978889721015,0.000384495195993185,-0.933636865848847,0.350491241873454,1
"74","PWY.7111..pyruvate.fermentation.to.isobutanol..engineered.",-0.000214912134396214,0.000231095975033837,-0.929969179968396,0.35238704213247,1
"75","PWY.6895..superpathway.of.thiamine.diphosphate.biosynthesis.II",-0.000726746328336807,0.000785337017102338,-0.925394209760144,0.354760889614865,1
"76","PWY.6549..L.glutamine.biosynthesis.III",-0.00217286796463278,0.00234820786291337,-0.925330333378986,0.354794104916144,1
"77","UDPNAGSYN.PWY..UDP.N.acetyl.D.glucosamine.biosynthesis.I",-0.000323218831216925,0.000349872722369057,-0.92381832178384,0.355580914301826,1
"78","PWY.6901..superpathway.of.glucose.and.xylose.degradation",-0.000401932579332037,0.000436001737753999,-0.921860039830429,0.356601585125397,1
"79","PWY.5695..inosine.5.phosphate.degradation",-0.000234121161133378,0.000254364581006571,-0.920415728506359,0.357355552447711,1
"80","PWY66.429..fatty.acid.biosynthesis.initiation..mitochondria.",0.00011630314608564,0.000127825781183574,0.909856720676823,0.362898076798009,1
"81","PWY.6160..3.dehydroquinate.biosynthesis.II..archaea.",-0.0244074299718,0.027006871294993,-0.903748890613815,0.366128568230343,1
"82","PWY0.781..aspartate.superpathway",-0.00196349687328627,0.00217608311619669,-0.902307847835349,0.366893357855174,1
"83","PWY.6628..superpathway.of.L.phenylalanine.biosynthesis",-0.000491413209532321,0.000546759962762621,-0.898773214939425,0.368773469893987,1
"84","PWY66.391..fatty.acid..beta..oxidation.VI..mammalian.peroxisome.",-0.00620073830926575,0.00690419817263509,-0.898111287396482,0.369126221979436,1
"85","PWY.7434..terminal.O.glycans.residues.modification..via.type.2.precursor.disaccharide.",0.00353606065497257,0.00397072886761287,0.890531882902994,0.3731803565948,1
"86","P4.PWY..superpathway.of.L.lysine..L.threonine.and.L.methionine.biosynthesis.I",-0.00173969822250552,0.00196771646176352,-0.884120378271552,0.376631233683673,1
"87","PYRIDNUCSAL.PWY..NAD.salvage.pathway.I..PNC.VI.cycle.",-0.00232819721543766,0.00263934101099437,-0.882113075096922,0.377715662217109,1
"88","METHANOGENESIS.PWY..methanogenesis.from.H2.and.CO2",-0.0235418154460667,0.0267280110837473,-0.880791891783597,0.378430469130019,1
"89","GLUCUROCAT.PWY..superpathway.of..beta..D.glucuronosides.degradation",-0.000863198398594737,0.000985167941050051,-0.876194162057982,0.380924489689733,1
"90","TRNA.CHARGING.PWY..tRNA.charging",-0.000125616003446716,0.000144629856922735,-0.868534382315147,0.385101858514458,1
"91","PWY.6350..archaetidylinositol.biosynthesis",-0.0234617845912207,0.02719514369824,-0.862719640372378,0.388291631149352,1
"92","PWY.6124..inosine.5.phosphate.biosynthesis.II",0.000288478559427632,0.000341795977380253,0.84400805895587,0.398664902255601,1
"93","PWY.8190..L.glutamate.degradation.XI..reductive.Stickland.reaction.",-0.0870628557547976,0.10323853404735,-0.843317435279217,0.399050934266083,1
"94","LIPASYN.PWY..phospholipases",-0.0105752959939806,0.0125492787444958,-0.842701497774841,0.399395409317074,1
"95","PWY.5030..L.histidine.degradation.III",-0.000240315277022005,0.000287442261132463,-0.836047128474473,0.403128390503187,1
"96","PWY.7356..thiamine.diphosphate.salvage.IV..yeast.",-0.00193332378089272,0.00231816065623937,-0.833990420676473,0.404286381917778,1
"97","PWY.6470..peptidoglycan.biosynthesis.V...beta..lactam.resistance.",-0.00106740235204677,0.00128022457101815,-0.833761807272514,0.404415221276174,1
"98","PWY.5265..peptidoglycan.biosynthesis.II..staphylococci.",-0.00387494684837788,0.00465833720761432,-0.831830474196686,0.405504640106721,1
"99","PWY.7456...beta...1.4..mannan.degradation",-0.000693743244557629,0.00083950318641439,-0.826373569254314,0.408592211876499,1
"100","PWY.7242..D.fructuronate.degradation",-0.000902450037682715,0.00109417926776793,-0.824773475669728,0.409500208073052,1
"101","PWY.5209..methyl.coenzyme.M.oxidation.to.CO2",-0.0317230564991684,0.0385047557342363,-0.823873724017991,0.410011311883251,1
"102","PWY0.1533..methylphosphonate.degradation.I",-0.0262960750225282,0.032019966085899,-0.821239939854544,0.411509610697186,1
"103","PPGPPMET.PWY..ppGpp.metabolism",-0.00212874619334099,0.00259244944039497,-0.821133156994825,0.411570425449584,1
"104","PWY.922..mevalonate.pathway.I..eukaryotes.and.bacteria.",0.0495803021581851,0.0607925913266385,0.815564875196556,0.414749045628518,1
"105","PWY.7199..pyrimidine.deoxyribonucleosides.salvage",0.000137850763939393,0.000169088910848371,0.815256087745515,0.414925738793816,1
"106","PWY.5675..nitrate.reduction.V..assimilatory.",-0.0033662163019303,0.00413377228993675,-0.814320689633778,0.415461260167474,1
"107","PWY.5910..superpathway.of.geranylgeranyldiphosphate.biosynthesis.I..via.mevalonate.",0.0355319102415166,0.0437877594261393,0.81145760155761,0.417102931682422,1
"108","PWY0.1586..peptidoglycan.maturation..meso.diaminopimelate.containing.",-0.000116841958563964,0.000144389800722105,-0.809211994057946,0.418393217062426,1
"109","PWY.7977..L.methionine.biosynthesis.IV",-0.000117494084150705,0.000145478248813512,-0.807640215007813,0.419297729122542,1
"110","FAO.PWY..fatty.acid..beta..oxidation.I..generic.",-0.00181689690051983,0.00225108607456741,-0.807120136829498,0.419597271653013,1
"111","PWY.7221..guanosine.ribonucleotides.de.novo.biosynthesis",-0.000124957004374536,0.000155048592302721,-0.805921566385887,0.420288075222213,1
"112","PWY.7345..superpathway.of.anaerobic.sucrose.degradation",-0.000501004518343906,0.000621786728077829,-0.805749778372875,0.420387141026162,1
"113","RUMP.PWY..formaldehyde.oxidation.I",-0.00816114677875318,0.0101592830142847,-0.803319168023767,0.421790281751891,1
"114","PWY.7117..C4.photosynthetic.carbon.assimilation.cycle..PEPCK.type",-0.00064767941781866,0.000807399208315269,-0.802179902021601,0.422448900407966,1
"115","PWY.7210..pyrimidine.deoxyribonucleotides.biosynthesis.from.CTP",-0.00216922041126251,0.00273752383982515,-0.792402381928137,0.428126091000042,1
"116","PWY.6595..superpathway.of.guanosine.nucleotides.degradation..plants.",-0.00588081619649307,0.00749721697512293,-0.784399893454684,0.432805500904236,1
"117","AST.PWY..L.arginine.degradation.II..AST.pathway.",-0.00253265308836723,0.00324756823233657,-0.779861393872862,0.435472464542304,1
"118","BIOTIN.BIOSYNTHESIS.PWY..biotin.biosynthesis.I",-0.00039587242958737,0.000510144286711365,-0.776000907781119,0.437748449871836,1
"119","PWY.7357..thiamine.phosphate.formation.from.pyrithiamine.and.oxythiamine..yeast.",-0.000192017044110323,0.000248150663820045,-0.773792183967605,0.439053695346824,1
"120","LACTOSECAT.PWY..lactose.and.galactose.degradation.I",-0.00188449285837693,0.0024386467705447,-0.772761714053407,0.439663415577785,1
"121","PWY0.1479..tRNA.processing",-0.000742147064488906,0.000962230139686087,-0.771278131789781,0.440542091482138,1
"122","PWY.6969..TCA.cycle.V..2.oxoglutarate.synthase.",-0.000641434437885713,0.000832069454585586,-0.770890500006614,0.440771838552624,1
"123","PWY.6165..chorismate.biosynthesis.II..archaea.",-0.010702246049845,0.0140046695659136,-0.764191257742603,0.44475327552996,1
"124","PWY.5862..superpathway.of.demethylmenaquinol.9.biosynthesis",-0.00246287480921628,0.00322788895330875,-0.762998617623357,0.445464220283632,1
"125","PWY0.862...5Z..dodecenoate.biosynthesis.I",-0.000303948760444465,0.000400478395798579,-0.758964187914236,0.44787397983166,1
"126","PWY.7858...5Z..dodecenoate.biosynthesis.II",-0.00225946498593349,0.00298871683125696,-0.755998347619717,0.449650186406539,1
"127","PWY.5913..partial.TCA.cycle..obligate.autotrophs.",-0.00198404350077741,0.00265704919486489,-0.746709358867664,0.455239019234158,1
"128","PWY.6282..palmitoleate.biosynthesis.I..from..5Z..dodec.5.enoate.",-0.000299106961452881,0.000401523141237773,-0.744930816517389,0.456313544457959,1
"129","PWY.5972..stearate.biosynthesis.I..animals.",-0.016102531952701,0.0216208643094154,-0.744768188831782,0.456411868807889,1
"130","P163.PWY..L.lysine.fermentation.to.acetate.and.butanoate",-0.0152067024737317,0.0208234200078485,-0.730269209764783,0.465225645005899,1
"131","KDO.NAGLIPASYN.PWY..superpathway.of..Kdo.2.lipid.A.biosynthesis",-0.0057409455207723,0.00788099714784016,-0.728454206121066,0.466335591496924,1
"132","PWY.5860..superpathway.of.demethylmenaquinol.6.biosynthesis.I",-0.00272178349039996,0.00374495849929535,-0.72678602203792,0.46735704716658,1
"133","DTDPRHAMSYN.PWY..dTDP..beta..L.rhamnose.biosynthesis",-7.93232027761472e-05,0.000109310461360158,-0.725668904779313,0.468041768695448,1
"134","PWY1G.0..mycothiol.biosynthesis",0.0591540085476327,0.0817027499200875,0.724014902870351,0.469056585848242,1
"135","GLUCONEO.PWY..gluconeogenesis.I",-0.000336615932962933,0.000470892035683514,-0.714847369364243,0.474703361233959,1
"136","ILEUSYN.PWY..L.isoleucine.biosynthesis.I..from.threonine.",-0.000100755981907798,0.00014165007429864,-0.711302005358463,0.476897109178398,1
"137","PWY0.1338..polymyxin.resistance",-0.00242809242254537,0.00341479300129512,-0.711051130075665,0.47705255208828,1
"138","PWY.7013...S..propane.1.2.diol.degradation",0.00053783798343559,0.000758065481062792,0.709487500580494,0.478022005426801,1
"139","PWY.5855..ubiquinol.7.biosynthesis..early.decarboxylation.",-0.012953481389341,0.0183188620848133,-0.707111682448863,0.479497076581545,1
"140","PWY.7560..methylerythritol.phosphate.pathway.II",-0.000195461688340849,0.000277054609637987,-0.705498777285276,0.480499892595618,1
"141","THISYN.PWY..superpathway.of.thiamine.diphosphate.biosynthesis.I",-0.000221711052451107,0.000315736383604158,-0.702203052813412,0.482552542054232,1
"142","PWY0.461..L.lysine.degradation.I",-0.0143291818242909,0.0206979029647041,-0.692301140300365,0.488748234146333,1
"143","X3.HYDROXYPHENYLACETATE.DEGRADATION.PWY..4.hydroxyphenylacetate.degradation",-0.00235224369386165,0.00342000516861898,-0.687789514309857,0.491585340220829,1
"144","PWY0.42..2.methylcitrate.cycle.I",-0.00295323818734048,0.00432015243890644,-0.683595828874972,0.494230419307295,1
"145","PWY.6147..6.hydroxymethyl.dihydropterin.diphosphate.biosynthesis.I",-0.000199794000736838,0.000292520924957677,-0.683007551564884,0.494602070772002,1
"146","PWY.5367..petroselinate.biosynthesis",-0.00179659187142202,0.00263868113616663,-0.68086736468357,0.495955419891863,1
"147","PWY0.1337..oleate..beta..oxidation",-0.00341900982107133,0.0050327952781215,-0.679346095386476,0.496918596070394,1
"148","ORNDEG.PWY..superpathway.of.ornithine.degradation",-0.0011541998700939,0.00170169363281651,-0.678265375056702,0.497603448290443,1
"149","HEME.BIOSYNTHESIS.II.1..heme.b.biosynthesis.V..aerobic.",-0.00131447577742964,0.00194294035403689,-0.676539439153919,0.498698214710293,1
"150","KETOGLUCONMET.PWY..ketogluconate.metabolism",-0.00274792927102663,0.00410026391744238,-0.670183511684952,0.502740813404061,1
"151","PWY.7220..adenosine.deoxyribonucleotides.de.novo.biosynthesis.II",-0.000195430850232336,0.000291964978399352,-0.66936401517659,0.503263300518574,1
"152","PWY.7222..guanosine.deoxyribonucleotides.de.novo.biosynthesis.II",-0.000195430850232336,0.000291964978399352,-0.66936401517659,0.503263300518574,1
"153","FUC.RHAMCAT.PWY..superpathway.of.fucose.and.rhamnose.degradation",-0.000648057095458976,0.000969250931508548,-0.668616427791651,0.503740190528733,1
"154","PWY.5705..allantoin.degradation.to.glyoxylate.III",-0.00326905928207076,0.00489173005083696,-0.66828284637486,0.503953060847881,1
"155","DAPLYSINESYN.PWY..L.lysine.biosynthesis.I",-0.000424262277572214,0.00063808530866334,-0.664898990482884,0.506115101477627,1
"156","PWY.7807..glyphosate.degradation.III",-0.0149811940487995,0.0225538831080711,-0.664240121180658,0.506536638444777,1
"157","PWY.7340..9.cis..11.trans.octadecadienoyl.CoA.degradation..isomerase.dependent..yeast.",-0.00839506961221414,0.0127271064670135,-0.65962122922227,0.509496927386477,1
"158","PWY.1269..CMP.3.deoxy.D.manno.octulosonate.biosynthesis",-0.000329820372115519,0.000500358505413796,-0.659168113556414,0.509787820357428,1
"159","HSERMETANA.PWY..L.methionine.biosynthesis.III",-0.000185983114816486,0.000285892244945489,-0.650535710935241,0.515346242219173,1
"160","PWY.6703..preQ0.biosynthesis",-0.000128506120420808,0.000199447786412698,-0.644309584639373,0.51937470163449,1
"161","PWY.6292..superpathway.of.L.cysteine.biosynthesis..mammalian.",-0.000730759250281097,0.00113573823225296,-0.643422251297724,0.519950148955335,1
"162","PWY.5989..stearate.biosynthesis.II..bacteria.and.plants.",-0.000277660347126441,0.000432209586125781,-0.642420612683118,0.520600119594594,1
"163","PWY.702..L.methionine.biosynthesis.II",-0.000604273241240079,0.00095022422394089,-0.635927001243938,0.52482400268478,1
"164","PWY.7805...aminomethyl.phosphonate.degradation",-0.0362006100803716,0.056988424838055,-0.635227420011055,0.525280102353395,1
"165","PWY.3781..aerobic.respiration.I..cytochrome.c.",-0.0130016466188478,0.0204792232940756,-0.634870103819274,0.525513136794892,1
"166","UBISYN.PWY..superpathway.of.ubiquinol.8.biosynthesis..early.decarboxylation.",-0.0501139959854193,0.0790788580993493,-0.63372179606412,0.5262623979233,1
"167","PWY.6708..ubiquinol.8.biosynthesis..early.decarboxylation.",-0.0556053381812807,0.087853774591373,-0.632930553523889,0.526778994449082,1
"168","POLYAMINSYN3.PWY..superpathway.of.polyamine.biosynthesis.II",0.00311038886266652,0.00492607753499316,0.631412892016292,0.527770588691235,1
"169","TRPSYN.PWY..L.tryptophan.biosynthesis",-0.000152155977257185,0.000243914295139516,-0.62380918334513,0.532752907920153,1
"170","PWY.7187..pyrimidine.deoxyribonucleotides.de.novo.biosynthesis.II",-0.00143482670981029,0.00231156524925273,-0.620716508121125,0.534786165778929,1
"171","PWY0.1415..superpathway.of.heme.b.biosynthesis.from.uroporphyrinogen.III",-0.00120164117902792,0.00194786939280771,-0.616900282670309,0.537300500363992,1
"172","PWY.6122..5.aminoimidazole.ribonucleotide.biosynthesis.II",-7.03523476678549e-05,0.00011421549513575,-0.615961499656752,0.537919930223068,1
"173","PWY.6277..superpathway.of.5.aminoimidazole.ribonucleotide.biosynthesis",-7.03523476678549e-05,0.00011421549513575,-0.615961499656752,0.537919930223068,1
"174","GLUDEG.I.PWY..GABA.shunt",0.00131338623694194,0.0021388048818636,0.614074826590796,0.539165882202755,1
"175","PWY.7094..fatty.acid.salvage",-0.00331907282709412,0.0054147687960905,-0.612966675417519,0.53989837466872,1
"176","PWY.5494..pyruvate.fermentation.to.propanoate.II..acrylate.pathway.",-0.0604459376275506,0.0996221048389212,-0.606752263719839,0.544015332138835,1
"177","ECASYN.PWY..enterobacterial.common.antigen.biosynthesis",-0.00229451057691466,0.00378580382466584,-0.606082798576387,0.544459772833058,1
"178","REDCITCYC..TCA.cycle.VI..Helicobacter.",-0.00146377145226759,0.00242986024568718,-0.602409729063916,0.54690143545259,1
"179","PWY.5723..Rubisco.shunt",-0.000502606361509728,0.000844591468442857,-0.595088134665113,0.551784559511833,1
"180","PWY.6125..superpathway.of.guanosine.nucleotides.de.novo.biosynthesis.II",-0.000170098106971032,0.000287354029238612,-0.591946134953222,0.553886658858782,1
"181","PWY.7211..superpathway.of.pyrimidine.deoxyribonucleotides.de.novo.biosynthesis",-0.000798296201983506,0.00134980189594028,-0.591417306779976,0.554240847117192,1
"182","PWY.7165..L.ascorbate.biosynthesis.VIII..engineered.pathway.",0.0157655298587979,0.0266581989149544,0.591395161732172,0.554255681414366,1
"183","HEME.BIOSYNTHESIS.II..heme.b.biosynthesis.I..aerobic.",-0.00109492057188046,0.00185873830370949,-0.589066556435258,0.555816626980792,1
"184","NAD.BIOSYNTHESIS.II..NAD.salvage.pathway.III..to.nicotinamide.riboside.",-0.00301194332942721,0.00513926260361923,-0.586065270785366,0.557831653380732,1
"185","PWY.7185..UTP.and.CTP.dephosphorylation.I",-0.00138518494638158,0.00236885961588448,-0.58474758786598,0.558717450877099,1
"186","PWY.7388..octanoyl..acyl.carrier.protein..biosynthesis..mitochondria..yeast.",0.0150728312538554,0.0258534296120544,0.583010899522109,0.559885962857812,1
"187","PWY.5667..CDP.diacylglycerol.biosynthesis.I",-8.38323474654607e-05,0.000143809403889833,-0.582940650596685,0.559933254012887,1
"188","PWY0.1319..CDP.diacylglycerol.biosynthesis.II",-8.38323474654607e-05,0.000143809403889833,-0.582940650596685,0.559933254012887,1
"189","LPSSYN.PWY..superpathway.of.lipopolysaccharide.biosynthesis",-0.00430569173748313,0.00740600541636024,-0.581378421351359,0.560985437505864,1
"190","PWY.5845..superpathway.of.menaquinol.9.biosynthesis",-0.000907587658198332,0.00156239777268636,-0.580894106523106,0.56131182461528,1
"191","PWY.6922..L.N.delta..acetylornithine.biosynthesis",-0.00455849574125574,0.00789111855421255,-0.577674218165466,0.563484088692889,1
"192","PWY66.430..myristate.biosynthesis..mitochondria.",0.016761711237918,0.0290936442917923,0.576129654635487,0.564527548599215,1
"193","PWY.6606..guanosine.nucleotides.degradation.II",-0.000553185390590418,0.000963507202337102,-0.57413726565676,0.565874917460051,1
"194","PWY.5656..mannosylglycerate.biosynthesis.I",-0.00115747009177001,0.00203243544138307,-0.569499069049077,0.569017502317777,1
"195","PWY.6478..GDP.D.glycero..alpha..D.manno.heptose.biosynthesis",-0.00428770760846785,0.0075625813857359,-0.56696349960016,0.570738980476263,1
"196","PWY.6519..8.amino.7.oxononanoate.biosynthesis.I",-0.000266588155066192,0.000472334441508501,-0.564405496695913,0.572478198889908,1
"197","LIPA.CORESYN.PWY..lipid.A.core.biosynthesis..E..coli.K.12.",-0.0100732271468136,0.0178927131638916,-0.562979300821848,0.573448978994639,1
"198","PWY.7234..inosine.5.phosphate.biosynthesis.III",-0.000515484125796381,0.00091756085682538,-0.561798295951592,0.574253453251809,1
"199","PWY0.162..superpathway.of.pyrimidine.ribonucleotides.de.novo.biosynthesis",-0.000230638597442075,0.000416391989165482,-0.553897777678944,0.579648806110342,1
"200","PYRIDNUCSYN.PWY..NAD.de.novo.biosynthesis.I..from.aspartate.",-0.000112576568576386,0.000204644684158759,-0.550107465723625,0.582245666336047,1
"201","PWY.6572..chondroitin.sulfate.degradation.I..bacterial.",-0.00235645670281556,0.00429406775497653,-0.548770265696108,0.583163118312566,1
"202","GALACTARDEG.PWY..D.galactarate.degradation.I",-0.000580068578125521,0.00105827967738405,-0.548124083379723,0.583606704967307,1
"203","GLUCARGALACTSUPER.PWY..superpathway.of.D.glucarate.and.D.galactarate.degradation",-0.000580068578125521,0.00105827967738405,-0.548124083379723,0.583606704967307,1
"204","GLUTORN.PWY..L.ornithine.biosynthesis.I",-0.000114210813106176,0.000209631242374189,-0.544817708527964,0.585878898061921,1
"205","THREOCAT.PWY..superpathway.of.L.threonine.metabolism",-0.00235036912586755,0.00431982645257635,-0.54408878497093,0.586380377612123,1
"206","GALACT.GLUCUROCAT.PWY..superpathway.of.hexuronide.and.hexuronate.degradation",-0.000945070366826542,0.00174072441086954,-0.542917857028532,0.587186360493858,1
"207","POLYAMSYN.PWY..superpathway.of.polyamine.biosynthesis.I",-0.000510952725648743,0.000941615127934045,-0.542634363542779,0.58738157419016,1
"208","FOLSYN.PWY..superpathway.of.tetrahydrofolate.biosynthesis.and.salvage",-0.00123833062830799,0.00229383017929226,-0.539852792716357,0.589298555908811,1
"209","PWY.5347..superpathway.of.L.methionine.biosynthesis..transsulfuration.",-0.000530657269751455,0.000986468351900729,-0.537936436307342,0.590620932433717,1
"210","PWY.6293..superpathway.of.L.cysteine.biosynthesis..fungi.",-0.00302603482515568,0.00565463258345415,-0.535142607498507,0.592551249117717,1
"211","P23.PWY..reductive.TCA.cycle.I",-0.00231625614891056,0.00433371388274381,-0.534473712750983,0.593013831872249,1
"212","PWY.6123..inosine.5.phosphate.biosynthesis.I",-0.000134340010651621,0.000251459046623694,-0.534242106042261,0.593174041025631,1
"213","PWY.4984..urea.cycle",0.00026359690141624,0.000493561548063269,0.53407098354925,0.593292424208142,1
"214","PWY.6185..4.methylcatechol.degradation..ortho.cleavage.",-0.00857222046038065,0.0161107717729463,-0.532080063028104,0.594670545070929,1
"215","GLUCARDEG.PWY..D.glucarate.degradation.I",-0.000745666497578035,0.00140478015584675,-0.53080654255724,0.595552845813274,1
"216","PWY.5505..L.glutamate.and.L.glutamine.biosynthesis",-0.000695369118417203,0.00131188381630106,-0.530053888748961,0.596074568343713,1
"217","PWY.7942..5.oxo.L.proline.metabolism",-0.00164440763088914,0.00311620948859741,-0.527694828254078,0.597711163371843,1
"218","PWY.7315..dTDP.N.acetylthomosamine.biosynthesis",-0.000801281097994333,0.00152364127226074,-0.525898787714913,0.598958531274446,1
"219","PWY.6143..CMP.pseudaminate.biosynthesis",-0.00143894775208146,0.00275034087391644,-0.523188876596384,0.60084282137672,1
"220","PWY0.1277..3.phenylpropanoate.and.3..3.hydroxyphenyl.propanoate.degradation",-0.000861977069540322,0.00164804253427812,-0.523030839078367,0.600952792646247,1
"221","PWY.6961..L.ascorbate.degradation.II..bacterial..aerobic.",-0.00112140784195443,0.00216882907970795,-0.517056808416383,0.605116503153242,1
"222","PWY.6906..chitin.derivatives.degradation",-0.000716392130268404,0.0014097073087468,-0.508185015303115,0.611323598575838,1
"223","PWY.7953..UDP.N.acetylmuramoyl.pentapeptide.biosynthesis.III..meso.diaminopimelate.containing.",-7.53784514410476e-05,0.000148489602738553,-0.507634541751501,0.61170966188799,1
"224","PWY.7328..superpathway.of.UDP.glucose.derived.O.antigen.building.blocks.biosynthesis",-0.00037686606952923,0.000745623481092103,-0.505437501749864,0.613251584562724,1
"225","PWY.I9..L.cysteine.biosynthesis.VI..from.L.methionine.",-0.000378776682917486,0.000752635920659891,-0.503266815361915,0.614776694315336,1
"226","PWY.7873..D.erythronate.degradation.II",-0.0415456231127542,0.083149070140496,-0.49965228766305,0.61731993364636,1
"227","PWY.7409..phospholipid.remodeling..phosphatidylethanolamine..yeast.",-0.0071400475239275,0.0143129293316058,-0.498852985192966,0.617882957200901,1
"228","PWY.5154..L.arginine.biosynthesis.III..via.N.acetyl.L.citrulline.",0.000160686525623678,0.000324695207748883,0.49488419227903,0.62068186971076,1
"229","CATECHOL.ORTHO.CLEAVAGE.PWY..catechol.degradation.to..beta..ketoadipate",-0.006494212588709,0.0131315072498793,-0.494551955470969,0.620916423197312,1
"230","PWY.6527..stachyose.degradation",-0.000151406200137511,0.000308357710540321,-0.491008315868636,0.623420565934693,1
"231","P108.PWY..pyruvate.fermentation.to.propanoate.I",-0.00254351694135991,0.00519434433913209,-0.489670452187407,0.624367113845181,1
"232","P441.PWY..superpathway.of.N.acetylneuraminate.degradation",-0.00031517027614755,0.000647703515488859,-0.486596519257229,0.626544290715591,1
"233","PROTOCATECHUATE.ORTHO.CLEAVAGE.PWY..protocatechuate.degradation.II..ortho.cleavage.pathway.",-0.00956894294448438,0.0197740142896043,-0.483915041444824,0.628446165060469,1
"234","PWY.6270..isoprene.biosynthesis.I",-0.000143217075900218,0.000297535012609606,-0.481345286539881,0.630271115856022,1
"235","PWY0.301..L.ascorbate.degradation.I..bacterial..anaerobic.",-0.000630219975875382,0.00131043799698407,-0.480923154949576,0.630571115312604,1
"236","HCAMHPDEG.PWY..3.phenylpropanoate.and.3..3.hydroxyphenyl.propanoate.degradation.to.2.hydroxypentadienoate",-0.000880595585101368,0.00183325451403676,-0.4803455157802,0.630981729211324,1
"237","PWY.6690..cinnamate.and.3.hydroxycinnamate.degradation.to.2.hydroxypentadienoate",-0.000880595585101368,0.00183325451403676,-0.4803455157802,0.630981729211324,1
"238","PWY.5484..glycolysis.II..from.fructose.6.phosphate.",-0.000188710335927893,0.000395355853265712,-0.477317673101616,0.633135928045397,1
"239","PWY.5417..catechol.degradation.III..ortho.cleavage.pathway.",-0.00597256113745499,0.012585974280325,-0.474541025146666,0.635114150032126,1
"240","PWY.5431..aromatic.compounds.degradation.via..beta..ketoadipate",-0.00597256113745499,0.012585974280325,-0.474541025146666,0.635114150032126,1
"241","PWY.7663..gondoate.biosynthesis..anaerobic.",9.15660457911648e-05,0.000193564758850065,0.473051222418498,0.636176635459351,1
"242","PWY.6629..superpathway.of.L.tryptophan.biosynthesis",-0.000109205343308897,0.000231268183213272,-0.472202193105781,0.636782474495255,1
"243","PWY.5464..superpathway.of.cytosolic.glycolysis..plants...pyruvate.dehydrogenase.and.TCA.cycle",0.00665545643216758,0.0141011965584377,0.471978133528333,0.636942396475338,1
"244","PWY.6182..superpathway.of.salicylate.degradation",-0.00773124043237702,0.0164247179040149,-0.470707654010129,0.637849517808083,1
"245","PWY.5198..factor.420.biosynthesis.II..mycobacteria.",-0.0106167430979854,0.0225596392731923,-0.47060783948799,0.637920808300681,1
"246","FUCCAT.PWY..fucose.degradation",-0.000358878481569933,0.000765964772465821,-0.468531314324834,0.639404682864739,1
"247","PWY.7688..dTDP..alpha..D.ravidosamine.and.dTDP.4.acetyl..alpha..D.ravidosamine.biosynthesis",0.000557481426110498,0.00119412334399456,0.466854139410442,0.640604238389047,1
"248","PWY.5138..fatty.acid..beta..oxidation.IV..unsaturated..even.number.",-0.00113762485863194,0.00243723274587375,-0.466769068550364,0.640665108159261,1
"249","MET.SAM.PWY..superpathway.of.S.adenosyl.L.methionine.biosynthesis",-0.000458928524817246,0.000983232835368997,-0.466754677334402,0.640675405578888,1
"250","PWY.6317..D.galactose.degradation.I..Leloir.pathway.",-0.000127104443483065,0.000272479253331479,-0.466473839490593,0.640876368746625,1
"251","PWY.5136..fatty.acid..beta..oxidation.II..plant.peroxisome.",-0.000420398559863851,0.000904630823095706,-0.464718368124159,0.642133152758478,1
"252","PWY.5103..L.isoleucine.biosynthesis.III",-7.3649446414891e-05,0.000158787108238875,-0.463825100360761,0.642773058497436,1
"253","CALVIN.PWY..Calvin.Benson.Bassham.cycle",-8.0455384682926e-05,0.000174186254644758,-0.46189284480001,0.644158165390448,1
"254","P221.PWY..octane.oxidation",-0.00233497880512071,0.00506998488929262,-0.460549460423833,0.645121878335142,1
"255","PWY.5850..superpathway.of.menaquinol.6.biosynthesis",-0.000687769096153245,0.00150143669727875,-0.458073988333826,0.646899286004214,1
"256","PWY.5896..superpathway.of.menaquinol.10.biosynthesis",-0.000687769096153245,0.00150143669727875,-0.458073988333826,0.646899286004214,1
"257","PWY.7184..pyrimidine.deoxyribonucleotides.de.novo.biosynthesis.I",-0.000500452950409278,0.00109564198428913,-0.456766861425066,0.647838627108601,1
"258","P122.PWY..heterolactic.fermentation",-0.00217563061092496,0.00478036757302416,-0.455117849765809,0.649024457113939,1
"259","ARGSYNBSUB.PWY..L.arginine.biosynthesis.II..acetyl.cycle.",-6.91960771730753e-05,0.000153213190054602,-0.451632637819336,0.651533653529131,1
"260","PRPP.PWY..superpathway.of.histidine..purine..and.pyrimidine.biosynthesis",-0.000410192130670831,0.000910280999010181,-0.450621435707067,0.652262414596282,1
"261","PWY.821..superpathway.of.sulfur.amino.acid.biosynthesis..Saccharomyces.cerevisiae.",-0.000720503625511549,0.00161660866056065,-0.445688337004006,0.655822390466194,1
"262","PWY.6588..pyruvate.fermentation.to.acetone",-0.000675601335310565,0.00151620349589715,-0.445587506649828,0.655895236749389,1
"263","PWY.7229..superpathway.of.adenosine.nucleotides.de.novo.biosynthesis.I",-9.03661506039373e-05,0.00020287817923226,-0.445420749268869,0.656015720106707,1
"264","P185.PWY..formaldehyde.assimilation.III..dihydroxyacetone.cycle.",-0.00106650882826333,0.00239693667767978,-0.444946601299332,0.656358344174032,1
"265","PWY.3841..folate.transformations.II..plants.",-6.36062093464804e-05,0.000143974225603837,-0.44178886241417,0.658641998808506,1
"266","PWY.5920..superpathway.of.heme.b.biosynthesis.from.glycine",-0.00083914900172259,0.00190077938892828,-0.441476273685675,0.658868234500677,1
"267","PWY.8113..3PG.factor.420.biosynthesis",-0.0130262126387762,0.0295985725960847,-0.440095974104484,0.659867597646869,1
"268","PWY.3001..superpathway.of.L.isoleucine.biosynthesis.I",-0.00013355198119096,0.000305513872169079,-0.437138844932871,0.662010657531449,1
"269","PWY.5747..2.methylcitrate.cycle.II",-0.00274891084514858,0.0063311672061396,-0.434187055189893,0.664152612458004,1
"270","TCA.GLYOX.BYPASS..superpathway.of.glyoxylate.bypass.and.TCA",-0.000503677233770612,0.00116147043148907,-0.433654805249645,0.664539130343479,1
"271","PWY.5189..tetrapyrrole.biosynthesis.II..from.glycine.",-0.00071866490965151,0.00167267653774154,-0.429649662344075,0.667450505522629,1
"272","PWY0.166..superpathway.of.pyrimidine.deoxyribonucleotides.de.novo.biosynthesis..E..coli.",-0.000460478121473956,0.0010782078634388,-0.427077316989067,0.669323013796173,1
"273","PWY.7269..mitochondrial.NADPH.production..yeast.",-0.00218511396696496,0.00512708205856535,-0.426190558685225,0.66996899655872,1
"274","PWY.7316..dTDP.N.acetylviosamine.biosynthesis",-0.000955582118582589,0.00225384932808335,-0.42397781727282,0.671581991078611,1
"275","PWY.6167..flavin.biosynthesis.II..archaea.",-0.00446646481310843,0.0106796199013648,-0.418223200297384,0.675783934668856,1
"276","PWY.7118..chitin.deacetylation",-0.000556758812939452,0.00134388091594005,-0.41429177714753,0.67866043516975,1
"277","PWY.7851..coenzyme.A.biosynthesis.II..eukaryotic.",5.98159602153645e-05,0.000144922766091233,0.412743710520323,0.679794396287949,1
"278","PWY.6285..superpathway.of.fatty.acids.biosynthesis..E..coli.",-0.000554110315189187,0.00134872035382142,-0.410841516270731,0.681188748623627,1
"279","PWY490.3..nitrate.reduction.VI..assimilatory.",0.0152917124943881,0.0375076106678235,0.407696257429332,0.68349668546368,1
"280","HEMESYN2.PWY..heme.b.biosynthesis.II..oxygen.independent.",-0.000545480442856052,0.00133969196792451,-0.407168555097876,0.683884194982579,1
"281","PYRIDOXSYN.PWY..pyridoxal.5.phosphate.biosynthesis.I",0.000284725675281128,0.000705330255233743,0.403677104687324,0.686450177948295,1
"282","PWY.6328..L.lysine.degradation.X",-0.00301583312362906,0.00754092728987862,-0.399928683528999,0.689209044982092,1
"283","ASPASN.PWY..superpathway.of.L.aspartate.and.L.asparagine.biosynthesis",-0.000102092961596343,0.000256142359210343,-0.398578985182629,0.690203448592329,1
"284","PWY.1042..glycolysis.IV",5.71264477514521e-05,0.000143374752650165,0.398441473798675,0.690304791526287,1
"285","METSYN.PWY..superpathway.of.L.homoserine.and.L.methionine.biosynthesis",-0.000372463304120293,0.000947922584897726,-0.392925867633462,0.694374235414686,1
"286","COA.PWY.1..superpathway.of.coenzyme.A.biosynthesis.III..mammals.",-5.51309052872178e-05,0.000141355538213408,-0.390015884655225,0.696524800970841,1
"287","ANAEROFRUCAT.PWY..homolactic.fermentation",-0.000177862819201028,0.000457652918690749,-0.388641286741615,0.69754152067501,1
"288","PWY.6531..mannitol.cycle",-0.000597973638574076,0.00153879291208008,-0.388599163590999,0.697572685600923,1
"289","PWY0.845..superpathway.of.pyridoxal.5.phosphate.biosynthesis.and.salvage",-0.000250739251101306,0.000656481017042119,-0.381944404471971,0.702502602629106,1
"290","X1CMET2.PWY..folate.transformations.III..E..coli.",-6.27670623826223e-05,0.000164717301281136,-0.38105931735424,0.703159234053247,1
"291","PWY.6892..thiazole.component.of.thiamine.diphosphate.biosynthesis.I",-9.92084291681107e-05,0.000261436831352589,-0.379473805029072,0.704336052796663,1
"292","ARO.PWY..chorismate.biosynthesis.I",-4.94987283998758e-05,0.000130903598136956,-0.378131152270455,0.705333167219678,1
"293","METHGLYUT.PWY..superpathway.of.methylglyoxal.degradation",-0.00166574080566506,0.00443898722304683,-0.37525244430006,0.707472730145085,1
"294","PWY.561..superpathway.of.glyoxylate.cycle.and.fatty.acid.degradation",-0.000411136274206142,0.00110468305940925,-0.372175775399331,0.709761981113549,1
"295","PWY.7286..7..3.amino.3.carboxypropyl..wyosine.biosynthesis",-0.0101046478736581,0.0273136663023552,-0.369948426615537,0.711420917920938,1
"296","PWY.6318..L.phenylalanine.degradation.IV..mammalian..via.side.chain.",0.0159745163812812,0.0441562914127976,0.361772147754496,0.717522307224957,1
"297","GLYCOCAT.PWY..glycogen.degradation.I",-0.000220382429162162,0.000609388802814237,-0.361645025547577,0.717617313313447,1
"298","PWY.7384..anaerobic.energy.metabolism..invertebrates..mitochondrial.",-0.0302198599702238,0.0840578291126623,-0.359512734140686,0.719211553256,1
"299","PWY.7664..oleate.biosynthesis.IV..anaerobic.",-0.000129255195844336,0.000362127119042184,-0.356933212254891,0.721141805368452,1
"300","PWY0.1296..purine.ribonucleosides.degradation",-6.24825803052844e-05,0.000176036380415113,-0.354941292009888,0.722633573318104,1
"301","PWY.5918..superpathway.of.heme.b.biosynthesis.from.glutamate",-0.000504612646551871,0.00142337483343623,-0.354518454800598,0.722950376041429,1
"302","PWY.5941..glycogen.degradation.II",-5.13901143250556e-05,0.000145444002757955,-0.353332645902066,0.723839073964766,1
"303","PWY.5692..allantoin.degradation.to.glyoxylate.II",-0.0409247910322042,0.116564458486002,-0.351091503909135,0.725519701649345,1
"304","URDEGR.PWY..superpathway.of.allantoin.degradation.in.plants",-0.0409247910322042,0.116564458486002,-0.351091503909135,0.725519701649345,1
"305","PWY.7883..anhydromuropeptides.recycling.II",-0.00149983273743475,0.00427480587664024,-0.350853999155989,0.725697883621872,1
"306","PWY.7790..UMP.biosynthesis.II",-5.35655379973499e-05,0.000153460161518549,-0.349051750417162,0.727050458652665,1
"307","PWY.7791..UMP.biosynthesis.III",-5.31454736705957e-05,0.000153268130009076,-0.346748366196211,0.728780370876683,1
"308","PWY.6349..CDP.archaeol.biosynthesis",-0.00554307637159184,0.0160195458137804,-0.346019571093179,0.729328006600152,1
"309","PWY.5840..superpathway.of.menaquinol.7.biosynthesis",-0.000461390737718039,0.00134198987672471,-0.343810892854214,0.730988507766667,1
"310","RIBOSYN2.PWY..flavin.biosynthesis.I..bacteria.and.plants.",-8.84014583450599e-05,0.00025979470138921,-0.340274293018093,0.733649974533144,1
"311","GALACTUROCAT.PWY..D.galacturonate.degradation.I",-0.000334053591973232,0.0010017729960137,-0.333462364530201,0.738785294039031,1
"312","PWY.7874..L.threonate.degradation",-0.00531254794789359,0.0159658818040019,-0.332743785348704,0.739327695105214,1
"313","PWY.5676..acetyl.CoA.fermentation.to.butanoate.II",-0.000377347554539923,0.00114312996277655,-0.330100309525072,0.741324169360409,1
"314","PWY.6562..norspermidine.biosynthesis",-0.0242561383668904,0.0758182754589459,-0.319924691244457,0.749025419875671,1
"315","PWY.5686..UMP.biosynthesis.I",-4.85923220673125e-05,0.000152040757551972,-0.319600631105132,0.749271095896011,1
"316","CARNMET.PWY..L.carnitine.degradation.I",0.00609063466436319,0.0191170916555439,0.318596299798402,0.750032659677769,1
"317","HISDEG.PWY..L.histidine.degradation.I",7.18701027865636e-05,0.000227215152353165,0.31630858260216,0.751768297363166,1
"318","COA.PWY..coenzyme.A.biosynthesis.I..prokaryotic.",4.04469793762253e-05,0.000128880995068272,0.313831991712971,0.753648645139738,1
"319","PWY.8112..factor.420.biosynthesis.I..archaea.",-0.00735279107243152,0.0237264450450994,-0.309898556587608,0.756638100486631,1
"320","SO4ASSIM.PWY..assimilatory.sulfate.reduction.I",-0.000179380315468568,0.000579771119016244,-0.309398501555131,0.757018410098661,1
"321","PWY.5837..2.carboxy.1.4.naphthoquinol.biosynthesis",-0.000444517022241231,0.00144641333632207,-0.307323647451665,0.758597037993143,1
"322","PWY.5384..sucrose.degradation.IV..sucrose.phosphorylase.",-0.000134285372945204,0.000438316043037111,-0.306366547787608,0.759325575554392,1
"323","PWY.6471..peptidoglycan.biosynthesis.IV..Enterococcus.faecium.",-0.000646731295033122,0.00213382739199074,-0.303085103069072,0.76182500657547,1
"324","PWY.7616..methanol.oxidation.to.carbon.dioxide",-0.014627166601846,0.0484782548620901,-0.301726343975398,0.762860684092893,1
"325","PWY.7389..superpathway.of.anaerobic.energy.metabolism..invertebrates.",-0.0162389476492655,0.0539038122735209,-0.301257869607908,0.763217864602137,1
"326","PWY.5973..cis.vaccenate.biosynthesis",5.18334555675984e-05,0.000173302321662678,0.299092678449449,0.764869332495076,1
"327","PWY.7039..phosphatidate.metabolism..as.a.signaling.molecule",0.00122420333991045,0.0041438288181531,0.29542806752719,0.767666894826033,1
"328","PWY.6992..1.5.anhydrofructose.degradation",-0.00247027968572641,0.00844971450283816,-0.292350668758888,0.770018521971507,1
"329","PWY4LZ.257..superpathway.of.fermentation..Chlamydomonas.reinhardtii.",-0.000292903192855576,0.00100418111248817,-0.291683630784308,0.770528525987516,1
"330","DENOVOPURINE2.PWY..superpathway.of.purine.nucleotides.de.novo.biosynthesis.II",-0.000235258262136061,0.000823056190470159,-0.285834995058689,0.775004503629176,1
"331","PWY.6803..phosphatidylcholine.acyl.editing",-0.000282174949066505,0.00101483756221943,-0.278049374177078,0.780974457379826,1
"332","SALVADEHYPOX.PWY..adenosine.nucleotides.degradation.II",-0.000192996702853858,0.000697458809110004,-0.276714123232786,0.781999626412547,1
"333","PWY.7312..dTDP..beta..D.fucofuranose.biosynthesis",-0.000228008184182123,0.000834891725469442,-0.273099106418762,0.784777033603393,1
"334","PWY0.1298..superpathway.of.pyrimidine.deoxyribonucleosides.degradation",-0.000195371561830057,0.000719148065537916,-0.27167084386707,0.785875121606108,1
"335","GLYOXYLATE.BYPASS..glyoxylate.cycle",-0.000263454051345762,0.000974099091527667,-0.270459190073353,0.78680700896334,1
"336","PWY.6936..seleno.amino.acid.biosynthesis..plants.",0.000109089399082317,0.000404841873636884,0.269461748366877,0.787574374286141,1
"337","COLANSYN.PWY..colanic.acid.building.blocks.biosynthesis",-0.000143735097800886,0.000534021043608118,-0.269156243038174,0.787809451069197,1
"338","PWY.801..homocysteine.and.cysteine.interconversion",-0.00240520514114298,0.0089718387554074,-0.268083857357929,0.788634771152199,1
"339","PWY1ZNC.1..assimilatory.sulfate.reduction.IV",-0.000449660950529813,0.00170789162023319,-0.263284241928897,0.792331504474817,1
"340","PWY.6126..superpathway.of.adenosine.nucleotides.de.novo.biosynthesis.II",-6.62695766361932e-05,0.000252643366631908,-0.262304835150275,0.793086434592683,1
"341","PWY.5130..2.oxobutanoate.degradation.I",0.000323902170654855,0.00125844252593513,0.257383363943592,0.796882844047771,1
"342","PWY.5104..L.isoleucine.biosynthesis.IV",0.00152250924963847,0.0059288762592495,0.256795585379816,0.797336578182268,1
"343","PWY.5497..purine.nucleobases.degradation.II..anaerobic.",0.000413134551408375,0.00164340042618248,0.251390071966855,0.801512542729047,1
"344","PWY.8131..5.deoxyadenosine.degradation.II",-0.00132830864076496,0.00534518568906813,-0.248505611971833,0.803743228516411,1
"345","P161.PWY..acetylene.degradation..anaerobic.",-0.000146550850592302,0.000591069407596274,-0.247941863863816,0.804179388302314,1
"346","PWY.5188..tetrapyrrole.biosynthesis.I..from.glutamate.",-0.000107317930718492,0.000434304161310544,-0.247103160132411,0.804828388126552,1
"347","PWY.5345..superpathway.of.L.methionine.biosynthesis..by.sulfhydrylation.",-0.000176620567820714,0.000731815447453419,-0.241345777047096,0.809287134298162,1
"348","PWY.5392..reductive.TCA.cycle.II",-0.00221758458396886,0.0092072503789427,-0.240851990844145,0.809669832593388,1
"349","PWY.621..sucrose.degradation.III..sucrose.invertase.",-0.000112883765856832,0.000469600962890538,-0.240382313447566,0.810033888119591,1
"350","PWY.6612..superpathway.of.tetrahydrofolate.biosynthesis",-0.000721987039935002,0.00301109677709756,-0.23977543512598,0.810504351447061,1
"351","PWY.6545..pyrimidine.deoxyribonucleotides.de.novo.biosynthesis.III",-0.000280412631177051,0.00117951848557874,-0.237734833837271,0.812086764594532,1
"352","GLYCOLYSIS..glycolysis.I..from.glucose.6.phosphate.",-8.72460063779595e-05,0.000374426277169474,-0.233012509264861,0.815751692116942,1
"353","PWY.241..C4.photosynthetic.carbon.assimilation.cycle..NADP.ME.type",-0.000251657460257874,0.00112624586034994,-0.223448066818803,0.823186797935091,1
"354","PWY.1861..formaldehyde.assimilation.II..assimilatory.RuMP.Cycle.",-0.000245605278801798,0.00110374329056767,-0.222520291539422,0.823908878839667,1
"355","PWY.6609..adenine.and.adenosine.salvage.III",-2.7667414505607e-05,0.000126923866503366,-0.217984333977671,0.827441317607659,1
"356","BRANCHED.CHAIN.AA.SYN.PWY..superpathway.of.branched.chain.amino.acid.biosynthesis",-3.18579084560674e-05,0.000146178632336814,-0.217938203051885,0.827477260762433,1
"357","VALSYN.PWY..L.valine.biosynthesis",3.23094104184662e-05,0.000148788615827707,0.217149747907324,0.828091645567247,1
"358","GOLPDLCAT.PWY..superpathway.of.glycerol.degradation.to.1.3.propanediol",0.000510195235660909,0.00250876368636964,0.203365202722301,0.838849595691081,1
"359","P125.PWY..superpathway.of..R.R..butanediol.biosynthesis",-0.00350803737549775,0.0174269728154906,-0.201299296936959,0.840464552276714,1
"360","ARG.POLYAMINE.SYN..superpathway.of.arginine.and.polyamine.biosynthesis",-0.000120331557807727,0.000604599241284923,-0.199026974549278,0.842241644039778,1
"361","ARGDEG.PWY..superpathway.of.L.arginine..putrescine..and.4.aminobutanoate.degradation",-0.000816409347025125,0.0042028035865038,-0.194253509644564,0.845977386108518,1
"362","ORNARGDEG.PWY..superpathway.of.L.arginine.and.L.ornithine.degradation",-0.000816409347025125,0.0042028035865038,-0.194253509644564,0.845977386108518,1
"363","P461.PWY..hexitol.fermentation.to.lactate..formate..ethanol.and.acetate",-0.000118533784500572,0.000613603461856677,-0.193176525018138,0.846820722778447,1
"364","PWY.7115..C4.photosynthetic.carbon.assimilation.cycle..NAD.ME.type",-0.00015004099537941,0.000801134102075019,-0.187285742787366,0.851436600815464,1
"365","NONMEVIPP.PWY..methylerythritol.phosphate.pathway.I",-2.64886625759381e-05,0.000141502040481139,-0.187196329366493,0.851506702711186,1
"366","PWY.4041...gamma..glutamyl.cycle",-0.000131358132237258,0.000718727210673697,-0.182764935411489,0.854982462630912,1
"367","FASYN.ELONG.PWY..fatty.acid.elongation....saturated",-6.10492418068328e-05,0.000343990610663459,-0.177473570249741,0.859136423573957,1
"368","GLYCOL.GLYOXDEG.PWY..superpathway.of.glycol.metabolism.and.degradation",-0.00165078318991972,0.00973637247348499,-0.169548072900384,0.865365562948518,1
"369","PWY.7446..sulfoquinovose.degradation.I",-0.00782328556798738,0.0463262964362785,-0.168873537705486,0.865896114078502,1
"370","PWY.5005..biotin.biosynthesis.II",-0.000632111841548374,0.00374883806138842,-0.16861540327892,0.866099163982011,1
"371","HEXITOLDEGSUPER.PWY..superpathway.of.hexitol.degradation..bacteria.",-0.000175951278814165,0.00109795542096456,-0.160253572644681,0.872681329787082,1
"372","PWY.7385..1.3.propanediol.biosynthesis..engineered.",0.00151563250464701,0.00963870819754841,0.157244360300533,0.875052268663792,1
"373","P164.PWY..purine.nucleobases.degradation.I..anaerobic.",-0.000221160044995215,0.0014139122628427,-0.15641709235237,0.875704265248624,1
"374","PWY66.389..phytol.degradation",-0.000254992186239415,0.0016804718111187,-0.151738449019068,0.879393230352586,1
"375","PWY.7268..cytosolic.NADPH.production..yeast.",0.00019183199755353,0.00129650344432595,0.147961039666396,0.882373515584854,1
"376","PWY.6151..S.adenosyl.L.methionine.salvage.I",2.19057053458602e-05,0.000154960839407852,0.141362846442804,0.887583303720428,1
"377","PWY.6305..superpathway.of.putrescine.biosynthesis",9.7907737345914e-05,0.00070637928189797,0.138605052349279,0.889762250654481,1
"378","THRESYN.PWY..superpathway.of.L.threonine.biosynthesis",-2.85438650737575e-05,0.000208212492368726,-0.137090069616039,0.890959601658704,1
"379","SULFATE.CYS.PWY..superpathway.of.sulfate.assimilation.and.cysteine.biosynthesis",-7.0638709218474e-05,0.000530179092218557,-0.133235561822861,0.894007087282515,1
"380","GLYCOLYSIS.TCA.GLYOX.BYPASS..superpathway.of.glycolysis..pyruvate.dehydrogenase..TCA..and.glyoxylate.bypass",-0.000822131803406055,0.00637554213011392,-0.128950885529066,0.897396511921846,1
"381","PWY0.1221..putrescine.degradation.II",0.00174801517827459,0.0135822422208005,0.128698571992597,0.897596165398251,1
"382","FERMENTATION.PWY..mixed.acid.fermentation",-6.89720434478587e-05,0.000540388337211253,-0.127634219131742,0.8984384496425,1
"383","CENTFERM.PWY..pyruvate.fermentation.to.butanoate",-0.000465347544941779,0.00368254916431328,-0.126365602787154,0.899442528846676,1
"384","COMPLETE.ARO.PWY..superpathway.of.aromatic.amino.acid.biosynthesis",-2.07732336745479e-05,0.000165735569303541,-0.125339622398752,0.900254685362506,1
"385","PWY.6897..thiamine.diphosphate.salvage.II",-3.72802633823433e-05,0.000302434220302349,-0.123267345028197,0.901895398479389,1
"386","PWY.7209..superpathway.of.pyrimidine.ribonucleosides.degradation",0.00183295700650456,0.0155531026200864,0.117851534274412,0.90618529557959,1
"387","PWY0.1477..ethanolamine.utilization",-4.10597007155433e-05,0.000358982309209107,-0.114378061710072,0.908938104072881,1
"388","ALLANTOINDEG.PWY..superpathway.of.allantoin.degradation.in.yeast",-0.00501167266938666,0.0444462474908594,-0.112758060630818,0.910222368985989,1
"389","PWY.6163..chorismate.biosynthesis.from.3.dehydroquinate",-1.36937089787043e-05,0.000132628176338575,-0.103248867297601,0.917765456625449,1
"390","PWY0.1297..superpathway.of.purine.deoxyribonucleosides.degradation",-6.82586118961818e-05,0.000662540203010775,-0.103025615028333,0.917942641271073,1
"391","PWY.8086...S..lactate.fermentation.to.propanoate..acetate.and.hydrogen",-0.00190292284461999,0.0197624920646997,-0.0962896196689202,0.923290555083368,1
"392","PWY.7198..pyrimidine.deoxyribonucleotides.de.novo.biosynthesis.IV",-0.000153233708596793,0.00164283772010327,-0.093273794923068,0.925686049930057,1
"393","PWY.6507..4.deoxy.L.threo.hex.4.enopyranuronate.degradation",-0.000104811423515187,0.00112809545542516,-0.0929100662635731,0.925975008620089,1
"394","PWY.7237..myo...chiro..and.scyllo.inositol.degradation",-3.32749109371404e-05,0.000358484381712598,-0.0928210896613548,0.926045696213687,1
"395","SER.GLYSYN.PWY..superpathway.of.L.serine.and.glycine.biosynthesis.I",-1.63905792727917e-05,0.0001784417050655,-0.0918539713951693,0.926814062295862,1
"396","GALACTITOLCAT.PWY..galactitol.degradation",-0.000143784915212238,0.00158639486386453,-0.0906362712634935,0.92778161023256,1
"397","PWY0.41..allantoin.degradation.IV..anaerobic.",0.00146043902346854,0.0167326746913564,0.0872806679390571,0.930448420121559,1
"398","CITRULBIO.PWY..L.citrulline.biosynthesis",-3.64346734604318e-05,0.000425050878039027,-0.0857183818288371,0.931690289324489,1
"399","PWY.5690..TCA.cycle.II..plants.and.fungi.",0.000814179349644698,0.0096597071039671,0.0842861321654697,0.93282893809449,1
"400","PWY.6700..queuosine.biosynthesis.I..de.novo.",9.61999012245049e-06,0.000116837763793896,0.0823363081428049,0.934379282702642,1
"401","PWY.5022..4.aminobutanoate.degradation.V",-0.000190220978129089,0.00231076358783789,-0.0823195324395224,0.934392622492806,1
"402","PHOSLIPSYN.PWY..superpathway.of.phospholipid.biosynthesis.I..bacteria.",3.45491401995789e-05,0.000444177534233391,0.0777822774382489,0.938001244288147,1
"403","PWY.7992..superpathway.of.menaquinol.8.biosynthesis.III",0.00019693421379803,0.0029087065224091,0.0677050820633913,0.94602040369557,1
"404","GLYCOGENSYNTH.PWY..glycogen.biosynthesis.I..from.ADP.D.Glucose.",-7.69283057146295e-06,0.000119720025690497,-0.0642568402996388,0.948765718847731,1
"405","METH.ACETATE.PWY..methanogenesis.from.acetate",5.51308320623741e-05,0.00101474213864382,0.054329893243672,0.956672333353575,1
"406","URSIN.PWY..ureide.biosynthesis",-0.00104157551379859,0.0207973286815734,-0.0500821778482268,0.960056901930868,1
"407","P105.PWY..TCA.cycle.IV..2.oxoglutarate.decarboxylase.",4.62222334606648e-05,0.000980412087542823,0.0471457196906968,0.962397088783415,1
"408","TCA..TCA.cycle.I..prokaryotic.",-4.07502804087549e-05,0.000904990561116876,-0.0450284037862933,0.964084668962259,1
"409","PWY.7238..sucrose.biosynthesis.II",4.3277749393262e-06,0.000105578191624505,0.040991182674526,0.967302925162043,1
"410","PWY.7371..1.4.dihydroxy.6.naphthoate.biosynthesis.II",-0.000141492000923585,0.00350839740357956,-0.0403295250359106,0.96783041534618,1
"411","PWY0.1061..superpathway.of.L.alanine.biosynthesis",-3.10355514957111e-05,0.000784890127748235,-0.039541268769361,0.968458851508818,1
"412","PWY.841..superpathway.of.purine.nucleotides.de.novo.biosynthesis.I",-1.28916991916419e-05,0.000334661797646221,-0.0385215739660553,0.96927183071066,1
"413","PWY.5004..superpathway.of.L.citrulline.metabolism",0.000648678662415189,0.0239715570463266,0.027060347442662,0.978411601326472,1
"414","PWY.6590..superpathway.of.Clostridium.acetobutylicum.acidogenic.fermentation",7.27098703098859e-05,0.00283344881919141,0.0256612612225109,0.979527522739981,1
"415","PWY66.399..gluconeogenesis.III",-2.30509410388051e-05,0.000928159281571666,-0.0248351134298551,0.980186483222386,1
"416","PWY.6121..5.aminoimidazole.ribonucleotide.biosynthesis.I",2.13746674190738e-06,0.000115172026835519,0.018558905323078,0.985192985986154,1
"417","PWY.5415..catechol.degradation.I..meta.cleavage.pathway.",-1.61314189671198,111.262655897128,-0.0144985025182526,0.988432273956024,1
"418","PWY.7204..pyridoxal.5.phosphate.salvage.II..plants.",-0.514805751096204,36.0608897324072,-0.0142760135680612,0.988609776082148,1
"419","DARABCATK12.PWY..D.arabinose.degradation.I",-0.00015971529986261,0.011201781273987,-0.0142580270008935,0.988624125825889,1
"420","DENITRIFICATION.PWY..nitrate.reduction.I..denitrification.",-0.674368079956986,49.5772096960624,-0.0136023806924847,0.989147205128964,1
"421","PWY.7196..superpathway.of.pyrimidine.ribonucleosides.salvage",-0.55468984673962,40.8361952759881,-0.0135832891137579,0.989162436597684,1
"422","PWY.7031..protein.N.glycosylation..bacterial.",-1.46554856153364,109.666469891965,-0.013363688673278,0.989337636495166,1
"423","PWY.6748..nitrate.reduction.VII..denitrification.",-1.67520463068177,127.865205248863,-0.0131013329812543,0.989546947724739,1
"424","PWY66.388..ceramide.degradation.by..alpha..oxidation",-5.91067409124813,464.527245203357,-0.0127240633402689,0.989847940250298,1
"425","P241.PWY..coenzyme.B.biosynthesis",-1.91997303929201,152.341541727407,-0.0126030826360385,0.989944461146651,1
"426","PWY.7279..aerobic.respiration.II..cytochrome.c...yeast.",-6.2795305997576,506.823888607966,-0.0123899657078218,0.990114490576318,1
"427","PWY.5088..L.glutamate.degradation.VIII..to.propanoate.",-0.896306347380842,75.2209999579483,-0.0119156398862274,0.990492919876351,1
"428","PWY.7245..superpathway.of.NAD.NADP...NADH.NADPH.interconversion..yeast.",-0.217062651445858,18.6885842772409,-0.0116147188158173,0.990733003534847,1
"429","PWY.8131..5.deoxyadenosine.degradation.II.99.6039176180.PWY.8131..5.deoxyadenosine.degradation.II",0.633026679753803,55.1797910731372,0.0114720746027249,0.990846809567485,1
"430","PWY.8131..5.deoxyadenosine.degradation.II.88.4188648691.PWY.8131..5.deoxyadenosine.degradation.II",0.471714467988366,41.1184972486453,0.0114720746027241,0.990846809567485,1
"431","PWY.8131..5.deoxyadenosine.degradation.II.154.5286988328.PWY.8131..5.deoxyadenosine.degradation.II",0.486277048853859,42.3878910915055,0.0114720746027232,0.990846809567486,1
"432","PWY.8131..5.deoxyadenosine.degradation.II.136.3653524206.PWY.8131..5.deoxyadenosine.degradation.II",0.404898834170534,35.294299260786,0.011472074602722,0.990846809567487,1
"433","PWY.5695..inosine.5.phosphate.degradation.2664.0676097022.PWY.5695..inosine.5.phosphate.degradation",0.0432456888850799,3.76964850600008,0.0114720746022465,0.990846809567867,1
"434","PYRIDOXSYN.PWY..pyridoxal.5.phosphate.biosynthesis.I.1404.3443980861.PYRIDOXSYN.PWY..pyridoxal.5.phosphate.biosynthesis.I",0.0519474682956969,4.52816688321814,0.0114720746022457,0.990846809567867,1
"435","PYRIDOXSYN.PWY..pyridoxal.5.phosphate.biosynthesis.I.320.1370710986.PYRIDOXSYN.PWY..pyridoxal.5.phosphate.biosynthesis.I",0.551347551668855,48.0599691673124,0.0114720746022419,0.99084680956787,1
"436","PWY.6123..inosine.5.phosphate.biosynthesis.I.162.1017792312.PWY.6123..inosine.5.phosphate.biosynthesis.I",0.289500148687124,25.2352045052578,0.0114720746022409,0.990846809567871,1
"437","PWY.6124..inosine.5.phosphate.biosynthesis.II.1548.0115396579.PWY.6124..inosine.5.phosphate.biosynthesis.II",0.109011377594988,9.50232467750003,0.0114720746022402,0.990846809567872,1
"438","PWY.6124..inosine.5.phosphate.biosynthesis.II.1100.0645529914.PWY.6124..inosine.5.phosphate.biosynthesis.II",0.0967765141255899,8.43583375117989,0.0114720746022353,0.990846809567875,1
"439","PWY.5695..inosine.5.phosphate.degradation.1568.0988048653.PWY.5695..inosine.5.phosphate.degradation",0.0487542823552615,4.24982263851081,0.0114720746022346,0.990846809567876,1
"440","PWY.5695..inosine.5.phosphate.degradation.1539.9401720426.PWY.5695..inosine.5.phosphate.degradation",0.0719718734745709,6.27365807580737,0.0114720746022342,0.990846809567876,1
"441","PWY.6123..inosine.5.phosphate.biosynthesis.I.1541.2099046168.PWY.6123..inosine.5.phosphate.biosynthesis.I",0.0485808986343313,4.23470909305905,0.0114720746022338,0.990846809567877,1
"442","PWY.7234..inosine.5.phosphate.biosynthesis.III.97.3718152961.PWY.7234..inosine.5.phosphate.biosynthesis.III",0.479976558723595,41.8386887608453,0.0114720746022227,0.990846809567885,1
"443","PWY.6124..inosine.5.phosphate.biosynthesis.II.1651.3211898901.PWY.6124..inosine.5.phosphate.biosynthesis.II",0.081230685589388,7.08073198666955,0.0114720746022185,0.990846809567889,1
"444","PWY.5695..inosine.5.phosphate.degradation.1493.8104913987.PWY.5695..inosine.5.phosphate.degradation",0.0875807404641216,7.63425478834397,0.0114720746022048,0.9908468095679,1
"445","PWY.8131..5.deoxyadenosine.degradation.II.292.7590307295.PWY.8131..5.deoxyadenosine.degradation.II",0.185917492413237,16.2060916495069,0.0114720746022002,0.990846809567903,1
"446","PWY.6123..inosine.5.phosphate.biosynthesis.I.1777.0980418303.PWY.6123..inosine.5.phosphate.biosynthesis.I",0.0308594371572888,2.68996133893575,0.0114720746021941,0.990846809567908,1
"447","PWY.7204..pyridoxal.5.phosphate.salvage.II..plants..182.9143141406.PWY.7204..pyridoxal.5.phosphate.salvage.II..plants.",0.14944790433343,13.0271035985814,0.0114720746021935,0.990846809567909,1
"448","PYRIDOXSYN.PWY..pyridoxal.5.phosphate.biosynthesis.I.793.1026540181.PYRIDOXSYN.PWY..pyridoxal.5.phosphate.biosynthesis.I",0.0593202021123702,5.17083475913145,0.0114720746021933,0.990846809567909,1
"449","PWY.6123..inosine.5.phosphate.biosynthesis.I.1627.6475455961.PWY.6123..inosine.5.phosphate.biosynthesis.I",0.111487924496529,9.71820079301227,0.0114720746021931,0.990846809567909,1
"450","PWY.7234..inosine.5.phosphate.biosynthesis.III.775.0877396611.PWY.7234..inosine.5.phosphate.biosynthesis.III",0.103948992072433,9.06104568502069,0.0114720746021926,0.990846809567909,1
"451","PWY.5695..inosine.5.phosphate.degradation.1510.8506583437.PWY.5695..inosine.5.phosphate.degradation",0.0709124299592821,6.18130830022043,0.0114720746021927,0.990846809567909,1
"452","PWY.5695..inosine.5.phosphate.degradation.1754.2423174321.PWY.5695..inosine.5.phosphate.degradation",0.114737686857186,10.0014767019785,0.0114720746021923,0.99084680956791,1
"453","PWY.6123..inosine.5.phosphate.biosynthesis.I.1516.6620174464.PWY.6123..inosine.5.phosphate.biosynthesis.I",0.050377388850785,4.39130589694369,0.0114720746021923,0.99084680956791,1
"454","PWY.7234..inosine.5.phosphate.biosynthesis.III.115.7567273855.PWY.7234..inosine.5.phosphate.biosynthesis.III",0.599740046955426,52.2782554814303,0.0114720746021921,0.99084680956791,1
"455","PWY.7234..inosine.5.phosphate.biosynthesis.III.1168.9598325324.PWY.7234..inosine.5.phosphate.biosynthesis.III",0.0461361019972145,4.02160059074226,0.011472074602192,0.99084680956791,1
"456","PWY.7234..inosine.5.phosphate.biosynthesis.III.506.7665243230.PWY.7234..inosine.5.phosphate.biosynthesis.III",0.255630328748904,22.2828335425975,0.011472074602192,0.99084680956791,1
"457","PWY.7234..inosine.5.phosphate.biosynthesis.III.1034.5900892308.PWY.7234..inosine.5.phosphate.biosynthesis.III",0.0860154582182153,7.49781196522041,0.0114720746021919,0.99084680956791,1
"458","PWY.7204..pyridoxal.5.phosphate.salvage.II..plants..11.0086587300.PWY.7204..pyridoxal.5.phosphate.salvage.II..plants.",1.62494856580804,141.643828353206,0.0114720746021919,0.99084680956791,1
"459","PWY0.845..superpathway.of.pyridoxal.5.phosphate.biosynthesis.and.salvage.102.5374457782.PWY0.845..superpathway.of.pyridoxal.5.phosphate.biosynthesis.and.salvage",0.543628136865604,47.3870817368773,0.0114720746021915,0.99084680956791,1
"460","PWY.5695..inosine.5.phosphate.degradation.2886.0371693838.PWY.5695..inosine.5.phosphate.degradation",0.057229123877824,4.98855925038104,0.0114720746021915,0.99084680956791,1
"461","PWY.6124..inosine.5.phosphate.biosynthesis.II.1407.8779321370.PWY.6124..inosine.5.phosphate.biosynthesis.II",0.0740739995365333,6.45689660372184,0.0114720746021914,0.99084680956791,1
"462","PWY0.845..superpathway.of.pyridoxal.5.phosphate.biosynthesis.and.salvage.682.4502649610.PWY0.845..superpathway.of.pyridoxal.5.phosphate.biosynthesis.and.salvage",0.380803390546918,33.1939430095913,0.0114720746021913,0.99084680956791,1
"463","PYRIDOXSYN.PWY..pyridoxal.5.phosphate.biosynthesis.I.556.6562522099.PYRIDOXSYN.PWY..pyridoxal.5.phosphate.biosynthesis.I",0.293366070621463,25.5721899302703,0.0114720746021912,0.990846809567911,1
"464","PWY0.845..superpathway.of.pyridoxal.5.phosphate.biosynthesis.and.salvage.426.7959887648.PWY0.845..superpathway.of.pyridoxal.5.phosphate.biosynthesis.and.salvage",0.103880785189442,9.05510021435954,0.0114720746021903,0.990846809567911,1
"465","PWY.5695..inosine.5.phosphate.degradation.1494.6025244883.PWY.5695..inosine.5.phosphate.degradation",0.0750692232535127,6.54364845563189,0.0114720746021897,0.990846809567912,1
"466","PYRIDOXSYN.PWY..pyridoxal.5.phosphate.biosynthesis.I.795.6751807253.PYRIDOXSYN.PWY..pyridoxal.5.phosphate.biosynthesis.I",0.100583710129751,8.76770014296732,0.0114720746021898,0.990846809567912,1
"467","PWY0.845..superpathway.of.pyridoxal.5.phosphate.biosynthesis.and.salvage.779.6920636917.PWY0.845..superpathway.of.pyridoxal.5.phosphate.biosynthesis.and.salvage",0.174532838166291,15.2137119238211,0.0114720746021892,0.990846809567912,1
"468","PWY.6124..inosine.5.phosphate.biosynthesis.II.1696.5609183404.PWY.6124..inosine.5.phosphate.biosynthesis.II",0.0847362811644442,7.38630841437127,0.0114720746021891,0.990846809567912,1
"469","PWY0.845..superpathway.of.pyridoxal.5.phosphate.biosynthesis.and.salvage.378.9291599239.PWY0.845..superpathway.of.pyridoxal.5.phosphate.biosynthesis.and.salvage",0.328633602303366,28.6463968984874,0.0114720746021891,0.990846809567912,1
"470","PWY.5695..inosine.5.phosphate.degradation.1534.9401999714.PWY.5695..inosine.5.phosphate.degradation",0.0865921156918566,7.54807815452453,0.0114720746021888,0.990846809567912,1
"471","PWY.6124..inosine.5.phosphate.biosynthesis.II.1502.7949441563.PWY.6124..inosine.5.phosphate.biosynthesis.II",0.0460635296937304,4.01527459426983,0.0114720746021872,0.990846809567914,1
"472","PWY.6123..inosine.5.phosphate.biosynthesis.I.1755.5667140264.PWY.6123..inosine.5.phosphate.biosynthesis.I",0.0478760482202252,4.17326855694426,0.0114720746021869,0.990846809567914,1
"473","PWY.6123..inosine.5.phosphate.biosynthesis.I.1852.7584694327.PWY.6123..inosine.5.phosphate.biosynthesis.I",0.0308089350219246,2.68555915911256,0.0114720746021865,0.990846809567914,1
"474","PWY.6124..inosine.5.phosphate.biosynthesis.II.1224.3352043716.PWY.6124..inosine.5.phosphate.biosynthesis.II",0.0824055375575687,7.18314170846345,0.0114720746021863,0.990846809567914,1
"475","PWY.5695..inosine.5.phosphate.degradation.1797.7202522249.PWY.5695..inosine.5.phosphate.degradation",0.0919822240981775,8.01792415825599,0.0114720746021854,0.990846809567915,1
"476","PWY.6123..inosine.5.phosphate.biosynthesis.I.1716.7326716080.PWY.6123..inosine.5.phosphate.biosynthesis.I",0.0824622670201598,7.18808671314397,0.0114720746021846,0.990846809567916,1
"477","PWY.6123..inosine.5.phosphate.biosynthesis.I.1464.4205926441.PWY.6123..inosine.5.phosphate.biosynthesis.I",0.075121091427518,6.54816971057818,0.0114720746021845,0.990846809567916,1
"478","PWY.8131..5.deoxyadenosine.degradation.II.59.4996806550.PWY.8131..5.deoxyadenosine.degradation.II",0.537708557436057,46.8710827014393,0.0114720746021842,0.990846809567916,1
"479","PWY.5695..inosine.5.phosphate.degradation.2531.7800160908.PWY.5695..inosine.5.phosphate.degradation",0.0498077346696656,4.34165017199108,0.0114720746021838,0.990846809567916,1
"480","PWY.8131..5.deoxyadenosine.degradation.II.104.6740960462.PWY.8131..5.deoxyadenosine.degradation.II",0.75303017678353,65.64027892917,0.0114720746021829,0.990846809567917,1
"481","PYRIDOXSYN.PWY..pyridoxal.5.phosphate.biosynthesis.I.644.4829450621.PYRIDOXSYN.PWY..pyridoxal.5.phosphate.biosynthesis.I",0.0722477587712612,6.29770649830987,0.0114720746021826,0.990846809567917,1
"482","PWY.8131..5.deoxyadenosine.degradation.II.21.8273653293.PWY.8131..5.deoxyadenosine.degradation.II",0.836101925356592,72.8814930472608,0.0114720746021821,0.990846809567918,1
"483","PWY.5695..inosine.5.phosphate.degradation.1592.9223374742.PWY.5695..inosine.5.phosphate.degradation",0.0613925628636213,5.35147869871293,0.0114720746021818,0.990846809567918,1
"484","PWY0.845..superpathway.of.pyridoxal.5.phosphate.biosynthesis.and.salvage.790.6272807596.PWY0.845..superpathway.of.pyridoxal.5.phosphate.biosynthesis.and.salvage",0.0593042637829404,5.16944544377938,0.0114720746021808,0.990846809567919,1
"485","PWY.6123..inosine.5.phosphate.biosynthesis.I.1450.3767798758.PWY.6123..inosine.5.phosphate.biosynthesis.I",0.101695495112293,8.86461242964412,0.0114720746021804,0.990846809567919,1
"486","PWY.6123..inosine.5.phosphate.biosynthesis.I.2519.7416220040.PWY.6123..inosine.5.phosphate.biosynthesis.I",0.0400035310921971,3.48703547347876,0.0114720746021802,0.990846809567919,1
"487","PWY.7234..inosine.5.phosphate.biosynthesis.III.70.9513095681.PWY.7234..inosine.5.phosphate.biosynthesis.III",1.38293046115531,120.54754777245,0.0114720746021792,0.99084680956792,1
"488","PWY.5695..inosine.5.phosphate.degradation.1980.9266437104.PWY.5695..inosine.5.phosphate.degradation",0.0579317523699302,5.04980610559547,0.011472074602179,0.99084680956792,1
"489","PWY0.845..superpathway.of.pyridoxal.5.phosphate.biosynthesis.and.salvage.430.8631898177.PWY0.845..superpathway.of.pyridoxal.5.phosphate.biosynthesis.and.salvage",0.397029538538168,34.608346990944,0.0114720746021779,0.990846809567921,1
"490","PWY.6123..inosine.5.phosphate.biosynthesis.I.729.9670431228.PWY.6123..inosine.5.phosphate.biosynthesis.I",0.122491511307315,10.6773635593395,0.0114720746021775,0.990846809567921,1
"491","PWY0.845..superpathway.of.pyridoxal.5.phosphate.biosynthesis.and.salvage.869.1617081196.PWY0.845..superpathway.of.pyridoxal.5.phosphate.biosynthesis.and.salvage",0.0892826312863426,7.78260553408505,0.0114720746021774,0.990846809567922,1
"492","PWY.6124..inosine.5.phosphate.biosynthesis.II.1360.8183174913.PWY.6124..inosine.5.phosphate.biosynthesis.II",0.0450277255778438,3.9249854223668,0.0114720746021757,0.990846809567923,1
"493","PWY.5695..inosine.5.phosphate.degradation.1833.1979628524.PWY.5695..inosine.5.phosphate.degradation",0.0727380475166852,6.34044408174417,0.0114720746021745,0.990846809567924,1
"494","PWY0.845..superpathway.of.pyridoxal.5.phosphate.biosynthesis.and.salvage.225.2462128711.PWY0.845..superpathway.of.pyridoxal.5.phosphate.biosynthesis.and.salvage",0.619243659333049,53.97835010729,0.0114720746021731,0.990846809567925,1
"495","PWY0.845..superpathway.of.pyridoxal.5.phosphate.biosynthesis.and.salvage.859.6020994127.PWY0.845..superpathway.of.pyridoxal.5.phosphate.biosynthesis.and.salvage",0.103540531894952,9.02544094991802,0.0114720746021714,0.990846809567926,1
"496","PYRIDOXSYN.PWY..pyridoxal.5.phosphate.biosynthesis.I.992.2032903607.PYRIDOXSYN.PWY..pyridoxal.5.phosphate.biosynthesis.I",0.0304225142987959,2.65187556338232,0.0114720746021709,0.990846809567927,1
"497","PWY.6124..inosine.5.phosphate.biosynthesis.II.1414.1782466465.PWY.6124..inosine.5.phosphate.biosynthesis.II",0.107063920125397,9.33256833120129,0.0114720746021707,0.990846809567927,1
"498","PWY.5695..inosine.5.phosphate.degradation.605.7852706296.PWY.5695..inosine.5.phosphate.degradation",0.114822333817168,10.0088552244459,0.0114720746021705,0.990846809567927,1
"499","PWY.8131..5.deoxyadenosine.degradation.II.189.3732515280.PWY.8131..5.deoxyadenosine.degradation.II",0.29296312526178,25.5370659118937,0.0114720746021701,0.990846809567927,1
"500","PWY.6123..inosine.5.phosphate.biosynthesis.I.1748.5447946429.PWY.6123..inosine.5.phosphate.biosynthesis.I",0.0803011162046993,6.999703104224,0.0114720746021701,0.990846809567927,1
"501","PWY.6123..inosine.5.phosphate.biosynthesis.I.1575.1077834915.PWY.6123..inosine.5.phosphate.biosynthesis.I",0.0302895900590489,2.64028879774899,0.0114720746021695,0.990846809567928,1
"502","PWY.8131..5.deoxyadenosine.degradation.II.111.9952713104.PWY.8131..5.deoxyadenosine.degradation.II",0.448808014517406,39.1217831195531,0.0114720746021694,0.990846809567928,1
"503","PWY.5695..inosine.5.phosphate.degradation.1279.8063290742.PWY.5695..inosine.5.phosphate.degradation",0.113251794560476,9.87195415718963,0.0114720746021694,0.990846809567928,1
"504","PWY.6124..inosine.5.phosphate.biosynthesis.II.1224.5732587347.PWY.6124..inosine.5.phosphate.biosynthesis.II",0.064194405298013,5.5957102376127,0.0114720746021689,0.990846809567928,1
"505","PWY0.845..superpathway.of.pyridoxal.5.phosphate.biosynthesis.and.salvage.684.3292803158.PWY0.845..superpathway.of.pyridoxal.5.phosphate.biosynthesis.and.salvage",0.0659133469668797,5.74554727480749,0.0114720746021689,0.990846809567928,1
"506","PWY.5695..inosine.5.phosphate.degradation.1551.1849524001.PWY.5695..inosine.5.phosphate.degradation",0.0349834170443689,3.04944120898221,0.0114720746021679,0.990846809567929,1
"507","PWY.6123..inosine.5.phosphate.biosynthesis.I.1429.4170984436.PWY.6123..inosine.5.phosphate.biosynthesis.I",0.0435739092329004,3.79825888027861,0.0114720746021672,0.99084680956793,1
"508","PWY.6124..inosine.5.phosphate.biosynthesis.II.1505.5669363641.PWY.6124..inosine.5.phosphate.biosynthesis.II",0.0312019298605415,2.71981580861123,0.0114720746021671,0.99084680956793,1
"509","PWY.5695..inosine.5.phosphate.degradation.1338.8431379779.PWY.5695..inosine.5.phosphate.degradation",0.0543893825447577,4.74102413302686,0.0114720746021669,0.99084680956793,1
"510","PWY0.845..superpathway.of.pyridoxal.5.phosphate.biosynthesis.and.salvage.899.4827367936.PWY0.845..superpathway.of.pyridoxal.5.phosphate.biosynthesis.and.salvage",0.114546695241323,9.98482830818502,0.0114720746021665,0.99084680956793,1
"511","PYRIDOXSYN.PWY..pyridoxal.5.phosphate.biosynthesis.I.718.3460345702.PYRIDOXSYN.PWY..pyridoxal.5.phosphate.biosynthesis.I",0.162187021300386,14.1375493905659,0.0114720746021665,0.99084680956793,1
"512","PWY0.845..superpathway.of.pyridoxal.5.phosphate.biosynthesis.and.salvage.329.4007286159.PWY0.845..superpathway.of.pyridoxal.5.phosphate.biosynthesis.and.salvage",0.607121193473932,52.9216566774483,0.0114720746021665,0.99084680956793,1
"513","PWY.7234..inosine.5.phosphate.biosynthesis.III.1085.8044096566.PWY.7234..inosine.5.phosphate.biosynthesis.III",0.0314530648225329,2.74170678916207,0.0114720746021662,0.99084680956793,1
"514","PWY.6124..inosine.5.phosphate.biosynthesis.II.1441.8202029842.PWY.6124..inosine.5.phosphate.biosynthesis.II",0.0572475066662491,4.99016164482102,0.011472074602165,0.990846809567931,1
"515","PYRIDOXSYN.PWY..pyridoxal.5.phosphate.biosynthesis.I.562.6157380919.PYRIDOXSYN.PWY..pyridoxal.5.phosphate.biosynthesis.I",0.0560910649287299,4.88935670956542,0.0114720746021649,0.990846809567932,1
"516","PWY.8131..5.deoxyadenosine.degradation.II.93.0781492571.PWY.8131..5.deoxyadenosine.degradation.II",0.775255337085425,67.5776059666806,0.0114720746021643,0.990846809567932,1
"517","PYRIDOXSYN.PWY..pyridoxal.5.phosphate.biosynthesis.I.452.4035831021.PYRIDOXSYN.PWY..pyridoxal.5.phosphate.biosynthesis.I",0.0907113336876823,7.9071429391316,0.0114720746021628,0.990846809567933,1
"518","PWY.8131..5.deoxyadenosine.degradation.II.72.9927827633.PWY.8131..5.deoxyadenosine.degradation.II",0.583810642912787,50.8897181336987,0.011472074602162,0.990846809567934,1
"519","PWY.7234..inosine.5.phosphate.biosynthesis.III.721.9864676401.PWY.7234..inosine.5.phosphate.biosynthesis.III",0.0649304304547188,5.65986821970023,0.0114720746021465,0.990846809567946,1
"520","PWY.7234..inosine.5.phosphate.biosynthesis.III.688.2360299475.PWY.7234..inosine.5.phosphate.biosynthesis.III",0.0984365866086989,8.58053926828698,0.011472074601711,0.990846809568294,1
"521","PWY0.845..superpathway.of.pyridoxal.5.phosphate.biosynthesis.and.salvage.546.0268018706.PWY0.845..superpathway.of.pyridoxal.5.phosphate.biosynthesis.and.salvage",0.343314498214149,29.9261040512212,0.0114720746017101,0.990846809568294,1
"522","PWY.8131..5.deoxyadenosine.degradation.II.13.2617730749.PWY.8131..5.deoxyadenosine.degradation.II",1.28435464445248,111.954872073544,0.011472074601709,0.990846809568295,1
"523","PWY.6123..inosine.5.phosphate.biosynthesis.I.1348.7719309698.PWY.6123..inosine.5.phosphate.biosynthesis.I",0.0982020945602394,8.56009902041803,0.0114720746017076,0.990846809568296,1
"524","PWY.6123..inosine.5.phosphate.biosynthesis.I.1131.1922974170.PWY.6123..inosine.5.phosphate.biosynthesis.I",0.127705050613163,11.1318183543033,0.011472074601702,0.990846809568301,1
"525","PWY0.845..superpathway.of.pyridoxal.5.phosphate.biosynthesis.and.salvage.892.9249030968.PWY0.845..superpathway.of.pyridoxal.5.phosphate.biosynthesis.and.salvage",0.101430541045295,8.84151686306689,0.0114720746017003,0.990846809568302,1
"526","PWY.5695..inosine.5.phosphate.degradation.1696.0277222871.PWY.5695..inosine.5.phosphate.degradation",0.059637142199676,5.19846185369459,0.0114720746017,0.990846809568303,1
"527","PWY.6124..inosine.5.phosphate.biosynthesis.II.1694.7976156764.PWY.6124..inosine.5.phosphate.biosynthesis.II",0.0802882435684939,6.99858102008837,0.0114720746016998,0.990846809568303,1
"528","PWY.5695..inosine.5.phosphate.degradation.1523.3707988937.PWY.5695..inosine.5.phosphate.degradation",0.05907278984836,5.14926827965466,0.0114720746016989,0.990846809568303,1
"529","PWY0.845..superpathway.of.pyridoxal.5.phosphate.biosynthesis.and.salvage.352.5452938402.PWY0.845..superpathway.of.pyridoxal.5.phosphate.biosynthesis.and.salvage",0.285492687281481,24.8858813417418,0.0114720746016986,0.990846809568304,1
"530","PWY.6124..inosine.5.phosphate.biosynthesis.II.1456.2082678409.PWY.6124..inosine.5.phosphate.biosynthesis.II",0.0723901583392045,6.31011921143601,0.0114720746016984,0.990846809568304,1
"531","PYRIDOXSYN.PWY..pyridoxal.5.phosphate.biosynthesis.I.618.0232329855.PYRIDOXSYN.PWY..pyridoxal.5.phosphate.biosynthesis.I",0.267531857486115,23.3202682840403,0.0114720746016977,0.990846809568304,1
"532","PWY.5695..inosine.5.phosphate.degradation.1544.0972580855.PWY.5695..inosine.5.phosphate.degradation",0.0485646020266926,4.23328854743552,0.0114720746016977,0.990846809568304,1
"533","PYRIDOXSYN.PWY..pyridoxal.5.phosphate.biosynthesis.I.492.9347268355.PYRIDOXSYN.PWY..pyridoxal.5.phosphate.biosynthesis.I",0.102361967784123,8.92270764775044,0.0114720746016968,0.990846809568305,1
"534","PWY.7399..methylphosphonate.degradation.II",2.20513999577563,192.218066246665,0.0114720746016968,0.990846809568305,1
"535","PWY.6124..inosine.5.phosphate.biosynthesis.II.1159.9815785772.PWY.6124..inosine.5.phosphate.biosynthesis.II",0.0742461252853416,6.47190049429889,0.0114720746016947,0.990846809568307,1
"536","PWY.7234..inosine.5.phosphate.biosynthesis.III.1085.5147949885.PWY.7234..inosine.5.phosphate.biosynthesis.III",0.0884030215843152,7.70593154713791,0.0114720746016942,0.990846809568307,1
"537","PWY.5695..inosine.5.phosphate.degradation.1483.0681392681.PWY.5695..inosine.5.phosphate.degradation",0.0370423537783958,3.22891500138313,0.0114720746016939,0.990846809568307,1
"538","PWY0.845..superpathway.of.pyridoxal.5.phosphate.biosynthesis.and.salvage.539.6550404716.PWY0.845..superpathway.of.pyridoxal.5.phosphate.biosynthesis.and.salvage",0.468263455134438,40.8176787017602,0.0114720746016908,0.99084680956831,1
"539","PWY.6124..inosine.5.phosphate.biosynthesis.II.1283.3388310746.PWY.6124..inosine.5.phosphate.biosynthesis.II",0.0985788251546821,8.59293794517075,0.0114720746016889,0.990846809568311,1
"540","PWY.5695..inosine.5.phosphate.degradation.183.3216428830.PWY.5695..inosine.5.phosphate.degradation",0.301361638709004,26.2691491445361,0.0114720746016887,0.990846809568312,1
"541","PWY.8131..5.deoxyadenosine.degradation.II.270.7384765361.PWY.8131..5.deoxyadenosine.degradation.II",0.313033881128137,27.2865974112541,0.0114720746016881,0.990846809568312,1
"542","PWY.6124..inosine.5.phosphate.biosynthesis.II.844.9447863970.PWY.6124..inosine.5.phosphate.biosynthesis.II",0.0496828081695315,4.33076055504565,0.011472074601688,0.990846809568312,1
"543","PWY.6124..inosine.5.phosphate.biosynthesis.II.2263.3366220851.PWY.6124..inosine.5.phosphate.biosynthesis.II",0.0460042444505804,4.01010680699472,0.011472074601688,0.990846809568312,1
"544","PWY.6123..inosine.5.phosphate.biosynthesis.I.1296.0624505721.PWY.6123..inosine.5.phosphate.biosynthesis.I",0.0864962593568727,7.53972253145439,0.011472074601688,0.990846809568312,1
"545","PYRIDOXSYN.PWY..pyridoxal.5.phosphate.biosynthesis.I.999.9578765583.PYRIDOXSYN.PWY..pyridoxal.5.phosphate.biosynthesis.I",0.0467830142909101,4.07799076585753,0.0114720746016875,0.990846809568313,1
"546","PYRIDOXSYN.PWY..pyridoxal.5.phosphate.biosynthesis.I.146.6386513627.PYRIDOXSYN.PWY..pyridoxal.5.phosphate.biosynthesis.I",0.50603615597844,44.110256736303,0.0114720746016871,0.990846809568313,1
"547","PWY0.845..superpathway.of.pyridoxal.5.phosphate.biosynthesis.and.salvage.612.1774009036.PWY0.845..superpathway.of.pyridoxal.5.phosphate.biosynthesis.and.salvage",0.101241784671234,8.82506331124718,0.0114720746016865,0.990846809568313,1
"548","PWY.5695..inosine.5.phosphate.degradation.1532.8193781867.PWY.5695..inosine.5.phosphate.degradation",0.0498934084902852,4.34911820421309,0.0114720746016865,0.990846809568313,1
"549","PWY.6123..inosine.5.phosphate.biosynthesis.I.912.1523172083.PWY.6123..inosine.5.phosphate.biosynthesis.I",0.0453563752067472,3.95363321644369,0.0114720746016863,0.990846809568313,1
"550","PWY.7234..inosine.5.phosphate.biosynthesis.III.734.3739674343.PWY.7234..inosine.5.phosphate.biosynthesis.III",0.0921661350316573,8.03395534214163,0.0114720746016853,0.990846809568314,1
"551","PWY.7234..inosine.5.phosphate.biosynthesis.III.351.1244386376.PWY.7234..inosine.5.phosphate.biosynthesis.III",0.239146635346844,20.8459797944247,0.0114720746016843,0.990846809568315,1
"552","PWY.7234..inosine.5.phosphate.biosynthesis.III.297.7972347168.PWY.7234..inosine.5.phosphate.biosynthesis.III",0.305973309486691,26.6711401477265,0.0114720746016841,0.990846809568315,1
"553","PWY.6124..inosine.5.phosphate.biosynthesis.II.1290.2951418516.PWY.6124..inosine.5.phosphate.biosynthesis.II",0.061821407883732,5.38886034393973,0.0114720746016838,0.990846809568315,1
"554","PWY.5695..inosine.5.phosphate.degradation.1679.6996520816.PWY.5695..inosine.5.phosphate.degradation",0.100001731754081,8.71697014064118,0.0114720746016832,0.990846809568316,1
"555","FASYN.INITIAL.PWY..superpathway.of.fatty.acid.biosynthesis.initiation..E..coli.",-0.646884530717855,56.4083768934005,-0.011467880594053,0.990850155682137,1
"556","PWY.8134..bile.acid.7.beta..dehydroxylation",-2.07046622291954,182.048902670591,-0.0113731321229985,0.990925749094414,1
"557","PWY66.367..ketogenesis",-0.919479587779658,84.1673039994235,-0.010924427231101,0.991283741547934,1
"558","PWY.7294..D.xylose.degradation.IV",-1.35290731944772,125.737664242902,-0.0107597618231094,0.991415117812587,1
"559","PROPFERM.PWY..superpathway.of.L.alanine.fermentation..Stickland.reaction.",-1.51098010723399,142.809352390106,-0.0105804002465225,0.991558219498815,1
"560","PWY.8188..L.alanine.degradation.VI..reductive.Stickland.reaction.",-1.51098010723399,142.809352390106,-0.0105804002465225,0.991558219498815,1
"561","PWY.8189..L.alanine.degradation.V..oxidative.Stickland.reaction.",-1.51098010723399,142.809352390106,-0.0105804002465225,0.991558219498815,1
"562","PWY.5994..palmitate.biosynthesis..type.I.fatty.acid.synthase.",-2.84224281048074,280.421792938743,-0.0101355988801541,0.991913100600959,1
"563","PWY.6124..inosine.5.phosphate.biosynthesis.II.986.8670045604.PWY.6124..inosine.5.phosphate.biosynthesis.II",-0.103962499326445,10.4508583140999,-0.00994774746741927,0.992062976786096,1
"564","PWY.5695..inosine.5.phosphate.degradation.1101.6000356915.PWY.5695..inosine.5.phosphate.degradation",-0.0972101159182991,9.7720731488919,-0.00994774746741659,0.992062976786099,1
"565","PWY.5695..inosine.5.phosphate.degradation.1629.2808615674.PWY.5695..inosine.5.phosphate.degradation",-0.0779595500942515,7.83690482188129,-0.00994774746741622,0.992062976786099,1
"566","PWY.7204..pyridoxal.5.phosphate.salvage.II..plants..79.6143964182.PWY.7204..pyridoxal.5.phosphate.salvage.II..plants.",-0.777923911027925,78.2010111913284,-0.00994774746741622,0.992062976786099,1
"567","PWY.8131..5.deoxyadenosine.degradation.II.63.6210340069.PWY.8131..5.deoxyadenosine.degradation.II",-0.363264811201161,36.5172932255299,-0.00994774746741623,0.992062976786099,1
"568","PWY0.845..superpathway.of.pyridoxal.5.phosphate.biosynthesis.and.salvage.778.4148116915.PWY0.845..superpathway.of.pyridoxal.5.phosphate.biosynthesis.and.salvage",-0.193240502857702,19.4255537236605,-0.00994774746741624,0.992062976786099,1
"569","PWY.7234..inosine.5.phosphate.biosynthesis.III.309.8996823901.PWY.7234..inosine.5.phosphate.biosynthesis.III",-0.292556053282118,29.4092762447362,-0.00994774746741622,0.992062976786099,1
"570","PYRIDOXSYN.PWY..pyridoxal.5.phosphate.biosynthesis.I.294.3337716219.PYRIDOXSYN.PWY..pyridoxal.5.phosphate.biosynthesis.I",-0.193840960434747,19.4859148837138,-0.00994774746741595,0.992062976786099,1
"571","PWY.5695..inosine.5.phosphate.degradation.1745.1284940728.PWY.5695..inosine.5.phosphate.degradation",-0.0683610861231545,6.87201663965361,-0.00994774746741595,0.992062976786099,1
"572","PYRIDOXSYN.PWY..pyridoxal.5.phosphate.biosynthesis.I.609.1185349962.PYRIDOXSYN.PWY..pyridoxal.5.phosphate.biosynthesis.I",-0.113479207605026,11.4075279832675,-0.00994774746741595,0.992062976786099,1
"573","PWY.5695..inosine.5.phosphate.degradation.1563.8056696683.PWY.5695..inosine.5.phosphate.degradation",-0.0569340563389084,5.72331138535604,-0.00994774746741595,0.992062976786099,1
"574","PWY.5695..inosine.5.phosphate.degradation.1651.1468574230.PWY.5695..inosine.5.phosphate.degradation",-0.0711237734430428,7.14973652839602,-0.00994774746741595,0.992062976786099,1
"575","PWY.5695..inosine.5.phosphate.degradation.1528.5398583613.PWY.5695..inosine.5.phosphate.degradation",-0.0635794508007551,6.39134145785374,-0.00994774746741595,0.992062976786099,1
"576","PWY.6123..inosine.5.phosphate.biosynthesis.I.1980.4399271119.PWY.6123..inosine.5.phosphate.biosynthesis.I",-0.0553250016095545,5.56156072425167,-0.00994774746741595,0.992062976786099,1
"577","PYRIDOXSYN.PWY..pyridoxal.5.phosphate.biosynthesis.I.1101.2118937446.PYRIDOXSYN.PWY..pyridoxal.5.phosphate.biosynthesis.I",-0.0879838545916846,8.84460073799406,-0.00994774746741584,0.992062976786099,1
"578","PWY.8131..5.deoxyadenosine.degradation.II.197.1236812530.PWY.8131..5.deoxyadenosine.degradation.II",-0.134502666938048,13.52091690894,-0.00994774746741584,0.992062976786099,1
"579","PWY.8131..5.deoxyadenosine.degradation.II.215.9222766676.PWY.8131..5.deoxyadenosine.degradation.II",-0.125771428633787,12.6432068210171,-0.00994774746741584,0.992062976786099,1
"580","PYRIDOXSYN.PWY..pyridoxal.5.phosphate.biosynthesis.I.575.4648555741.PYRIDOXSYN.PWY..pyridoxal.5.phosphate.biosynthesis.I",-0.0525493527958789,5.28253787784682,-0.00994774746741584,0.992062976786099,1
"581","PWY.6123..inosine.5.phosphate.biosynthesis.I.1675.8114821126.PWY.6123..inosine.5.phosphate.biosynthesis.I",-0.0805396512953103,8.09627019173139,-0.00994774746741584,0.992062976786099,1
"582","PWY.8131..5.deoxyadenosine.degradation.II.209.9237389174.PWY.8131..5.deoxyadenosine.degradation.II",-0.260312539316019,26.167988297721,-0.00994774746741573,0.992062976786099,1
"583","PWY.5695..inosine.5.phosphate.degradation.2196.2533613608.PWY.5695..inosine.5.phosphate.degradation",-0.0728993914016495,7.32823100309237,-0.00994774746741573,0.992062976786099,1
"584","PWY.5695..inosine.5.phosphate.degradation.2203.0711810088.PWY.5695..inosine.5.phosphate.degradation",-0.0493532260922944,4.96124637803211,-0.00994774746741573,0.992062976786099,1
"585","PWY.6123..inosine.5.phosphate.biosynthesis.I.1659.3913339923.PWY.6123..inosine.5.phosphate.biosynthesis.I",-0.0335715023818516,3.37478434105977,-0.00994774746741573,0.992062976786099,1
"586","PWY.7234..inosine.5.phosphate.biosynthesis.III.253.2423921511.PWY.7234..inosine.5.phosphate.biosynthesis.III",-0.211810974547129,21.2923554041681,-0.00994774746741573,0.992062976786099,1
"587","PWY.5695..inosine.5.phosphate.degradation.824.5684640364.PWY.5695..inosine.5.phosphate.degradation",-0.0794193781100069,7.98365442731116,-0.00994774746741573,0.992062976786099,1
"588","PWY.7374..1.4.dihydroxy.6.naphthoate.biosynthesis.I",-1.00459118795016,100.986800402879,-0.00994774746741573,0.992062976786099,1
"589","PWY.8131..5.deoxyadenosine.degradation.II.137.9731464261.PWY.8131..5.deoxyadenosine.degradation.II",-0.284370003479206,28.5863713781107,-0.00994774746741573,0.992062976786099,1
"590","P162.PWY..L.glutamate.degradation.V..via.hydroxyglutarate.",-1.2136397563745,122.00146418572,-0.00994774746741573,0.992062976786099,1
"591","PWY.6124..inosine.5.phosphate.biosynthesis.II.1500.2853752886.PWY.6124..inosine.5.phosphate.biosynthesis.II",-0.0617250483115346,6.20492714694635,-0.00994774746741573,0.992062976786099,1
"592","PWY.6123..inosine.5.phosphate.biosynthesis.I.1500.6181809093.PWY.6123..inosine.5.phosphate.biosynthesis.I",-0.042886806480361,4.31120780064417,-0.00994774746741573,0.992062976786099,1
"593","PWY.8131..5.deoxyadenosine.degradation.II.87.6071949062.PWY.8131..5.deoxyadenosine.degradation.II",-0.31861050549886,32.0284070883868,-0.00994774746741573,0.992062976786099,1
"594","PYRIDOXSYN.PWY..pyridoxal.5.phosphate.biosynthesis.I.1204.6471174042.PYRIDOXSYN.PWY..pyridoxal.5.phosphate.biosynthesis.I",-0.0322419306771056,3.24112878646301,-0.00994774746741573,0.992062976786099,1
"595","PWY.5695..inosine.5.phosphate.degradation.1718.2139413885.PWY.5695..inosine.5.phosphate.degradation",-0.0371904050132488,3.73857550516512,-0.00994774746741573,0.992062976786099,1
"596","PWY.6123..inosine.5.phosphate.biosynthesis.I.1399.4495076704.PWY.6123..inosine.5.phosphate.biosynthesis.I",-0.026318364380613,2.64566068517722,-0.00994774746741573,0.992062976786099,1
"597","PWY.8131..5.deoxyadenosine.degradation.II.62.7901487733.PWY.8131..5.deoxyadenosine.degradation.II",-1.35315911762073,136.02668564447,-0.00994774746741573,0.992062976786099,1
"598","PWY.6123..inosine.5.phosphate.biosynthesis.I.268.3531099335.PWY.6123..inosine.5.phosphate.biosynthesis.I",-0.247534240587911,24.8834463680064,-0.00994774746741573,0.992062976786099,1
"599","PWY.5695..inosine.5.phosphate.degradation.2050.9630069292.PWY.5695..inosine.5.phosphate.degradation",-0.0455857067537323,4.58251547931331,-0.00994774746741573,0.992062976786099,1
"600","PWY.7234..inosine.5.phosphate.biosynthesis.III.694.9056785495.PWY.7234..inosine.5.phosphate.biosynthesis.III",-0.0692581336479173,6.96219258427853,-0.00994774746741573,0.992062976786099,1
"601","PWY.6123..inosine.5.phosphate.biosynthesis.I.1361.0453601007.PWY.6123..inosine.5.phosphate.biosynthesis.I",-0.0365014414678216,3.66931725874462,-0.00994774746741573,0.992062976786099,1
"602","PWY0.845..superpathway.of.pyridoxal.5.phosphate.biosynthesis.and.salvage.650.1669445748.PWY0.845..superpathway.of.pyridoxal.5.phosphate.biosynthesis.and.salvage",-0.391913911632957,39.3972517815402,-0.00994774746741573,0.992062976786099,1
"603","PWY.5695..inosine.5.phosphate.degradation.1888.5992406044.PWY.5695..inosine.5.phosphate.degradation",-0.0367325377298553,3.69254827288029,-0.00994774746741573,0.992062976786099,1
"604","PWY.6124..inosine.5.phosphate.biosynthesis.II.1667.9949305140.PWY.6124..inosine.5.phosphate.biosynthesis.II",-0.0391451702607234,3.93507880944355,-0.00994774746741573,0.992062976786099,1
"605","PWY.5695..inosine.5.phosphate.degradation.2071.1183064180.PWY.5695..inosine.5.phosphate.degradation",-0.0333754310781818,3.35507422032017,-0.00994774746741573,0.992062976786099,1
"606","PWY0.845..superpathway.of.pyridoxal.5.phosphate.biosynthesis.and.salvage.1006.0701234963.PWY0.845..superpathway.of.pyridoxal.5.phosphate.biosynthesis.and.salvage",-0.0478209075428396,4.80720964213044,-0.00994774746741573,0.992062976786099,1
"607","PWY.6123..inosine.5.phosphate.biosynthesis.I.1352.2239282845.PWY.6123..inosine.5.phosphate.biosynthesis.I",-0.0683145695600266,6.86734054958612,-0.00994774746741573,0.992062976786099,1
"608","PYRIDOXSYN.PWY..pyridoxal.5.phosphate.biosynthesis.I.769.3285720217.PYRIDOXSYN.PWY..pyridoxal.5.phosphate.biosynthesis.I",-0.0547834290919766,5.50711900070062,-0.00994774746741573,0.992062976786099,1
"609","PYRIDOXSYN.PWY..pyridoxal.5.phosphate.biosynthesis.I.637.6771823730.PYRIDOXSYN.PWY..pyridoxal.5.phosphate.biosynthesis.I",-0.0943116863705981,9.4807077360498,-0.00994774746741573,0.992062976786099,1
"610","PWY.5695..inosine.5.phosphate.degradation.1662.6549090466.PWY.5695..inosine.5.phosphate.degradation",-0.0825652021468559,8.29988923797089,-0.00994774746741573,0.992062976786099,1
"611","PWY.6124..inosine.5.phosphate.biosynthesis.II.1611.1505787487.PWY.6124..inosine.5.phosphate.biosynthesis.II",-0.0754760244468821,7.58724773564137,-0.00994774746741573,0.992062976786099,1
"612","PWY.5695..inosine.5.phosphate.degradation.1681.4468185400.PWY.5695..inosine.5.phosphate.degradation",-0.0302986565623529,3.04578063140402,-0.00994774746741561,0.992062976786099,1
"613","PWY.6123..inosine.5.phosphate.biosynthesis.I.1233.1473049907.PWY.6123..inosine.5.phosphate.biosynthesis.I",-0.0379104146513603,3.81095466843503,-0.00994774746741562,0.992062976786099,1
"614","PWY.6124..inosine.5.phosphate.biosynthesis.II.1394.6213635771.PWY.6124..inosine.5.phosphate.biosynthesis.II",-0.0554581226192808,5.5749427496966,-0.00994774746741551,0.992062976786099,1
"615","PWY.8131..5.deoxyadenosine.degradation.II.66.2006974043.PWY.8131..5.deoxyadenosine.degradation.II",-0.855362997120201,85.9855962288948,-0.00994774746741551,0.992062976786099,1
"616","PWY.5695..inosine.5.phosphate.degradation.1744.4457946056.PWY.5695..inosine.5.phosphate.degradation",-0.0479611145275805,4.82130398712671,-0.00994774746741562,0.992062976786099,1
"617","PYRIDOXSYN.PWY..pyridoxal.5.phosphate.biosynthesis.I.745.9309532533.PYRIDOXSYN.PWY..pyridoxal.5.phosphate.biosynthesis.I",-0.080350021432423,8.07720759856578,-0.00994774746741562,0.992062976786099,1
"618","PWY.6123..inosine.5.phosphate.biosynthesis.I.1512.4687626093.PWY.6123..inosine.5.phosphate.biosynthesis.I",-0.0704426830647304,7.08126973422576,-0.00994774746741551,0.992062976786099,1
"619","PWY.7204..pyridoxal.5.phosphate.salvage.II..plants..137.8740070944.PWY.7204..pyridoxal.5.phosphate.salvage.II..plants.",-0.159519466463457,16.0357374356327,-0.00994774746741561,0.992062976786099,1
"620","PWY.6123..inosine.5.phosphate.biosynthesis.I.1767.5931180367.PWY.6123..inosine.5.phosphate.biosynthesis.I",-0.034301766605656,3.44819434932514,-0.00994774746741562,0.992062976786099,1
"621","PWY.5695..inosine.5.phosphate.degradation.2073.8084679798.PWY.5695..inosine.5.phosphate.degradation",-0.0446909184273275,4.49256664121355,-0.00994774746741551,0.992062976786099,1
"622","PWY0.845..superpathway.of.pyridoxal.5.phosphate.biosynthesis.and.salvage.1042.0294229142.PWY0.845..superpathway.of.pyridoxal.5.phosphate.biosynthesis.and.salvage",-0.0609403996030424,6.12605012367439,-0.00994774746741551,0.992062976786099,1
"623","PWY.5695..inosine.5.phosphate.degradation.1568.1055297684.PWY.5695..inosine.5.phosphate.degradation",-0.0414746073804596,4.16924610484055,-0.00994774746741551,0.992062976786099,1
"624","PWY.8131..5.deoxyadenosine.degradation.II.182.7317630910.PWY.8131..5.deoxyadenosine.degradation.II",-0.193141377178715,19.4155890880182,-0.00994774746741562,0.992062976786099,1
"625","PYRIDOXSYN.PWY..pyridoxal.5.phosphate.biosynthesis.I.141.4209396658.PYRIDOXSYN.PWY..pyridoxal.5.phosphate.biosynthesis.I",-0.907766437032861,91.2534661747596,-0.00994774746741562,0.992062976786099,1
"626","PWY.7234..inosine.5.phosphate.biosynthesis.III.498.1845252172.PWY.7234..inosine.5.phosphate.biosynthesis.III",-0.110508126924072,11.1088592956393,-0.00994774746741562,0.992062976786099,1
"627","PWY0.845..superpathway.of.pyridoxal.5.phosphate.biosynthesis.and.salvage.1110.1888529008.PWY0.845..superpathway.of.pyridoxal.5.phosphate.biosynthesis.and.salvage",-0.0523112535900124,5.25860289089171,-0.00994774746741562,0.992062976786099,1
"628","PWY.5695..inosine.5.phosphate.degradation.1689.7940000663.PWY.5695..inosine.5.phosphate.degradation",-0.0282183701051362,2.83665927362621,-0.00994774746741562,0.992062976786099,1
"629","PWY.7204..pyridoxal.5.phosphate.salvage.II..plants..260.6964300987.PWY.7204..pyridoxal.5.phosphate.salvage.II..plants.",-0.0827012449487781,8.31356497736512,-0.00994774746741551,0.992062976786099,1
"630","PWY.8131..5.deoxyadenosine.degradation.II.156.5565837352.PWY.8131..5.deoxyadenosine.degradation.II",-0.262533100991978,26.3912108597371,-0.00994774746741551,0.992062976786099,1
"631","PWY.7204..pyridoxal.5.phosphate.salvage.II..plants..49.2634304306.PWY.7204..pyridoxal.5.phosphate.salvage.II..plants.",-0.543298767201089,54.6152552606199,-0.00994774746741562,0.992062976786099,1
"632","PWY.7234..inosine.5.phosphate.biosynthesis.III.599.1584377836.PWY.7234..inosine.5.phosphate.biosynthesis.III",-0.237667860662435,23.8916258621292,-0.00994774746741551,0.992062976786099,1
"633","PWY.5695..inosine.5.phosphate.degradation.1699.1699924049.PWY.5695..inosine.5.phosphate.degradation",-0.0602120164407552,6.05282920962589,-0.00994774746741562,0.992062976786099,1
"634","PWY.6123..inosine.5.phosphate.biosynthesis.I.1630.1617010548.PWY.6123..inosine.5.phosphate.biosynthesis.I",-0.055944038198829,5.6237895445252,-0.00994774746741561,0.992062976786099,1
"635","PWY.5695..inosine.5.phosphate.degradation.1603.6077081096.PWY.5695..inosine.5.phosphate.degradation",-0.0512515357511326,5.15207446902022,-0.00994774746741562,0.992062976786099,1
"636","PWY0.845..superpathway.of.pyridoxal.5.phosphate.biosynthesis.and.salvage.618.6362153775.PWY0.845..superpathway.of.pyridoxal.5.phosphate.biosynthesis.and.salvage",-0.160286864334417,16.1128803138042,-0.00994774746741562,0.992062976786099,1
"637","PWY0.845..superpathway.of.pyridoxal.5.phosphate.biosynthesis.and.salvage.1032.1304325379.PWY0.845..superpathway.of.pyridoxal.5.phosphate.biosynthesis.and.salvage",-0.109779940178487,11.035658126433,-0.00994774746741551,0.992062976786099,1
"638","PYRIDOXSYN.PWY..pyridoxal.5.phosphate.biosynthesis.I.1155.1970463761.PYRIDOXSYN.PWY..pyridoxal.5.phosphate.biosynthesis.I",-0.0254717179433382,2.56055132348023,-0.00994774746741562,0.992062976786099,1
"639","PWY.7234..inosine.5.phosphate.biosynthesis.III.314.5101385306.PWY.7234..inosine.5.phosphate.biosynthesis.III",-0.301208261401174,30.2790418019555,-0.00994774746741562,0.992062976786099,1
"640","PWY.5695..inosine.5.phosphate.degradation.1421.0215748408.PWY.5695..inosine.5.phosphate.degradation",-0.0421572178392325,4.23786570550979,-0.00994774746741562,0.992062976786099,1
"641","PWY.5695..inosine.5.phosphate.degradation.1499.2717828368.PWY.5695..inosine.5.phosphate.degradation",-0.0742914758022136,7.46817066331442,-0.00994774746741562,0.992062976786099,1
"642","PWY.6123..inosine.5.phosphate.biosynthesis.I.1373.6558130413.PWY.6123..inosine.5.phosphate.biosynthesis.I",-0.0567841553092161,5.70824254387395,-0.00994774746741562,0.992062976786099,1
"643","PWY0.845..superpathway.of.pyridoxal.5.phosphate.biosynthesis.and.salvage.570.8193061933.PWY0.845..superpathway.of.pyridoxal.5.phosphate.biosynthesis.and.salvage",-0.141506516340264,14.2249807610995,-0.00994774746741562,0.992062976786099,1
"644","PYRIDOXSYN.PWY..pyridoxal.5.phosphate.biosynthesis.I.533.1748123846.PYRIDOXSYN.PWY..pyridoxal.5.phosphate.biosynthesis.I",-0.111057292292773,11.1640642925996,-0.00994774746741562,0.992062976786099,1
"645","PWY.8131..5.deoxyadenosine.degradation.II.61.5921301841.PWY.8131..5.deoxyadenosine.degradation.II",-0.627037768846375,63.0331410100901,-0.00994774746741562,0.992062976786099,1
"646","PWY0.845..superpathway.of.pyridoxal.5.phosphate.biosynthesis.and.salvage.475.7890634408.PWY0.845..superpathway.of.pyridoxal.5.phosphate.biosynthesis.and.salvage",-0.237510219138402,23.8757789053634,-0.00994774746741551,0.992062976786099,1
"647","PWY0.845..superpathway.of.pyridoxal.5.phosphate.biosynthesis.and.salvage.937.2417969517.PWY0.845..superpathway.of.pyridoxal.5.phosphate.biosynthesis.and.salvage",-0.0752162016900286,7.56112898285801,-0.00994774746741562,0.992062976786099,1
"648","PWY0.845..superpathway.of.pyridoxal.5.phosphate.biosynthesis.and.salvage.541.5314475108.PWY0.845..superpathway.of.pyridoxal.5.phosphate.biosynthesis.and.salvage",-0.0711785145708021,7.15523939504407,-0.00994774746741562,0.992062976786099,1
"649","PYRIDOXSYN.PWY..pyridoxal.5.phosphate.biosynthesis.I.482.5127167755.PYRIDOXSYN.PWY..pyridoxal.5.phosphate.biosynthesis.I",-0.0686308768930804,6.89913742964277,-0.00994774746741551,0.992062976786099,1
"650","PWY.5695..inosine.5.phosphate.degradation.1514.4986902845.PWY.5695..inosine.5.phosphate.degradation",-0.0639553265727201,6.42912647131516,-0.00994774746741562,0.992062976786099,1
"651","PWY.6124..inosine.5.phosphate.biosynthesis.II.73.1004326787.PWY.6124..inosine.5.phosphate.biosynthesis.II",-0.751683955335187,75.5632325606745,-0.00994774746741562,0.992062976786099,1
"652","PYRIDOXSYN.PWY..pyridoxal.5.phosphate.biosynthesis.I.1011.4416725064.PYRIDOXSYN.PWY..pyridoxal.5.phosphate.biosynthesis.I",-0.0482759094423666,4.85294883092856,-0.00994774746741551,0.992062976786099,1
"653","PWY.6123..inosine.5.phosphate.biosynthesis.I.1427.5682538349.PWY.6123..inosine.5.phosphate.biosynthesis.I",-0.0557298882491165,5.60226206301108,-0.00994774746741551,0.992062976786099,1
"654","PWY.6124..inosine.5.phosphate.biosynthesis.II.1366.1875959406.PWY.6124..inosine.5.phosphate.biosynthesis.II",-0.0562094745910633,5.65047260952095,-0.00994774746741562,0.992062976786099,1
"655","PWY.7234..inosine.5.phosphate.biosynthesis.III.261.9389477306.PWY.7234..inosine.5.phosphate.biosynthesis.III",-0.525992883020541,52.8755765808757,-0.00994774746741551,0.992062976786099,1
"656","PWY.7234..inosine.5.phosphate.biosynthesis.III.261.7746224669.PWY.7234..inosine.5.phosphate.biosynthesis.III",-0.346549364007036,34.8369683832628,-0.00994774746741551,0.992062976786099,1
"657","PWY.7234..inosine.5.phosphate.biosynthesis.III.361.1278798401.PWY.7234..inosine.5.phosphate.biosynthesis.III",-0.128802864662004,12.9479427462253,-0.00994774746741551,0.992062976786099,1
"658","PWY.8131..5.deoxyadenosine.degradation.II.18.6246974403.PWY.8131..5.deoxyadenosine.degradation.II",-0.825596940361653,82.9933553365665,-0.00994774746741562,0.992062976786099,1
"659","PWY.6124..inosine.5.phosphate.biosynthesis.II.1380.6125636838.PWY.6124..inosine.5.phosphate.biosynthesis.II",-0.0920897089829398,9.25734285923377,-0.00994774746741551,0.992062976786099,1
"660","PWY.7234..inosine.5.phosphate.biosynthesis.III.471.3903430570.PWY.7234..inosine.5.phosphate.biosynthesis.III",-0.120464445379097,12.1097208964828,-0.00994774746741562,0.992062976786099,1
"661","PWY.8131..5.deoxyadenosine.degradation.II.192.6271232600.PWY.8131..5.deoxyadenosine.degradation.II",-0.245985013667798,24.7277099135797,-0.00994774746741551,0.992062976786099,1
"662","PWY.6123..inosine.5.phosphate.biosynthesis.I.2048.9050843343.PWY.6123..inosine.5.phosphate.biosynthesis.I",-0.0741562095825638,7.45457299006297,-0.00994774746741562,0.992062976786099,1
"663","PWY.5695..inosine.5.phosphate.degradation.1169.8325546401.PWY.5695..inosine.5.phosphate.degradation",-0.0856150318024793,8.60647418754004,-0.00994774746741562,0.992062976786099,1
"664","PWY.7234..inosine.5.phosphate.biosynthesis.III.344.8502788830.PWY.7234..inosine.5.phosphate.biosynthesis.III",-0.169497771606269,17.0388092542023,-0.00994774746741562,0.992062976786099,1
"665","PWY0.845..superpathway.of.pyridoxal.5.phosphate.biosynthesis.and.salvage.1221.4697805890.PWY0.845..superpathway.of.pyridoxal.5.phosphate.biosynthesis.and.salvage",-0.0389230000013368,3.91274508413399,-0.00994774746741562,0.992062976786099,1
"666","PWY.5695..inosine.5.phosphate.degradation.1264.6262504488.PWY.5695..inosine.5.phosphate.degradation",-0.0799572195404868,8.03772108232451,-0.00994774746741562,0.992062976786099,1
"667","PWY.6123..inosine.5.phosphate.biosynthesis.I.1224.7486161590.PWY.6123..inosine.5.phosphate.biosynthesis.I",-0.0738620939851293,7.42500694022133,-0.00994774746741551,0.992062976786099,1
"668","PWY.6123..inosine.5.phosphate.biosynthesis.I.1342.2486179603.PWY.6123..inosine.5.phosphate.biosynthesis.I",-0.0433751135171545,4.3602949973582,-0.00994774746741551,0.992062976786099,1
"669","PWY.7234..inosine.5.phosphate.biosynthesis.III.249.5939047806.PWY.7234..inosine.5.phosphate.biosynthesis.III",-0.209773912678409,21.0875792098198,-0.00994774746741551,0.992062976786099,1
"670","PWY.8131..5.deoxyadenosine.degradation.II.145.2400440807.PWY.8131..5.deoxyadenosine.degradation.II",-0.871988469926847,87.6568763715698,-0.00994774746741562,0.992062976786099,1
"671","PWY0.845..superpathway.of.pyridoxal.5.phosphate.biosynthesis.and.salvage.651.3718738675.PWY0.845..superpathway.of.pyridoxal.5.phosphate.biosynthesis.and.salvage",-0.144864747194047,14.5625678243805,-0.00994774746741551,0.992062976786099,1
"672","PWY.6124..inosine.5.phosphate.biosynthesis.II.445.4159487670.PWY.6124..inosine.5.phosphate.biosynthesis.II",-0.127969506048443,12.8641691465946,-0.00994774746741562,0.992062976786099,1
"673","PWY0.845..superpathway.of.pyridoxal.5.phosphate.biosynthesis.and.salvage.39.5673464721.PWY0.1261..anhydromuropeptides.recycling.I.39.5514885362.PWY.6507..4.deoxy.L.threo.hex.4.enopyranuronate.degradation.38.3035133678.PWY.6507..4.deoxy.L.threo.hex.4.enopyranuronate.degradation",-0.453828102904377,45.6211925755972,-0.00994774746741562,0.992062976786099,1
"674","PWY.6123..inosine.5.phosphate.biosynthesis.I.1545.2353269614.PWY.6123..inosine.5.phosphate.biosynthesis.I",-0.0477827533774187,4.8033741843502,-0.0099477474674155,0.992062976786099,1
"675","PWY0.845..superpathway.of.pyridoxal.5.phosphate.biosynthesis.and.salvage.717.4005415212.PWY0.845..superpathway.of.pyridoxal.5.phosphate.biosynthesis.and.salvage",-0.0933105992477752,9.38007318274012,-0.00994774746741551,0.992062976786099,1
"676","PWY.7234..inosine.5.phosphate.biosynthesis.III.647.6085490495.PWY.7234..inosine.5.phosphate.biosynthesis.III",-0.240100199697947,24.1361374003925,-0.00994774746741551,0.992062976786099,1
"677","PWY0.845..superpathway.of.pyridoxal.5.phosphate.biosynthesis.and.salvage.778.4712916393.PWY0.845..superpathway.of.pyridoxal.5.phosphate.biosynthesis.and.salvage",-0.108542931739285,10.9113075190967,-0.00994774746741551,0.992062976786099,1
"678","PWY.5695..inosine.5.phosphate.degradation.1230.3522743822.PWY.5695..inosine.5.phosphate.degradation",-0.0969277355042062,9.74368678152509,-0.00994774746741551,0.992062976786099,1
"679","PWY.6124..inosine.5.phosphate.biosynthesis.II.742.2941913102.PWY.6124..inosine.5.phosphate.biosynthesis.II",-0.255943039742542,25.7287431733566,-0.00994774746741551,0.992062976786099,1
"680","PWY.8131..5.deoxyadenosine.degradation.II.53.4221109976.PWY.8131..5.deoxyadenosine.degradation.II",-0.302891389097052,30.4482386680193,-0.00994774746741551,0.992062976786099,1
"681","PWY.7234..inosine.5.phosphate.biosynthesis.III.1653.3115292382.PWY.7234..inosine.5.phosphate.biosynthesis.III",-0.123801341696244,12.4451632997082,-0.00994774746741551,0.992062976786099,1
"682","PWY0.845..superpathway.of.pyridoxal.5.phosphate.biosynthesis.and.salvage.1141.6966731079.PWY0.845..superpathway.of.pyridoxal.5.phosphate.biosynthesis.and.salvage",-0.479254766021741,48.1772147505318,-0.00994774746741562,0.992062976786099,1
"683","PWY.6123..inosine.5.phosphate.biosynthesis.I.2277.7137677870.PWY.6123..inosine.5.phosphate.biosynthesis.I",-0.0182978541240821,1.83939672614508,-0.00994774746741551,0.992062976786099,1
"684","PWY.6124..inosine.5.phosphate.biosynthesis.II.2177.7118109974.PWY.6124..inosine.5.phosphate.biosynthesis.II",-0.0192996013221484,1.940097633697,-0.00994774746741562,0.992062976786099,1
"685","PWY.7234..inosine.5.phosphate.biosynthesis.III.693.3203220622.PWY.7234..inosine.5.phosphate.biosynthesis.III",-0.0677024531242867,6.80580737961531,-0.00994774746741562,0.992062976786099,1
"686","PWY.5695..inosine.5.phosphate.degradation.3022.5824073654.PWY.5695..inosine.5.phosphate.degradation",-0.0451113202238069,4.53482764531085,-0.00994774746741551,0.992062976786099,1
"687","PWY.8131..5.deoxyadenosine.degradation.II.295.4214517590.PWY.8131..5.deoxyadenosine.degradation.II",-0.197067661413068,19.8102798707522,-0.00994774746741551,0.992062976786099,1
"688","PWY0.845..superpathway.of.pyridoxal.5.phosphate.biosynthesis.and.salvage.800.4509214037.PWY0.845..superpathway.of.pyridoxal.5.phosphate.biosynthesis.and.salvage",-0.090157576428339,9.06311471251708,-0.00994774746741562,0.992062976786099,1
"689","PWY.7234..inosine.5.phosphate.biosynthesis.III.89.8903496990.PWY.7234..inosine.5.phosphate.biosynthesis.III",-0.500832296092958,50.3463017867574,-0.00994774746741562,0.992062976786099,1
"690","PWY.7731..superpathway.of.photosynthetic.hydrogen.production",-0.737077499517316,74.0949146459197,-0.00994774746741551,0.992062976786099,1
"691","PWY.8131..5.deoxyadenosine.degradation.II.167.5189078737.PWY.8131..5.deoxyadenosine.degradation.II",-0.225020515036085,22.6202480283255,-0.00994774746741551,0.992062976786099,1
"692","PWY0.845..superpathway.of.pyridoxal.5.phosphate.biosynthesis.and.salvage.843.9867849620.PWY0.845..superpathway.of.pyridoxal.5.phosphate.biosynthesis.and.salvage",-0.0293287257014378,2.94827806973445,-0.00994774746741562,0.992062976786099,1
"693","PYRIDOXSYN.PWY..pyridoxal.5.phosphate.biosynthesis.I.862.9420958364.PYRIDOXSYN.PWY..pyridoxal.5.phosphate.biosynthesis.I",-0.0344568397341948,3.46378311744045,-0.00994774746741551,0.992062976786099,1
"694","PWY.6124..inosine.5.phosphate.biosynthesis.II.625.9277322261.PWY.6124..inosine.5.phosphate.biosynthesis.II",-0.0625654907001743,6.28941284497939,-0.00994774746741551,0.992062976786099,1
"695","PWY.7204..pyridoxal.5.phosphate.salvage.II..plants..115.0149823532.PWY.7204..pyridoxal.5.phosphate.salvage.II..plants.",-0.183925786937051,18.4891893908155,-0.00994774746741551,0.992062976786099,1
"696","PWY.7234..inosine.5.phosphate.biosynthesis.III.305.2418478038.PWY.7234..inosine.5.phosphate.biosynthesis.III",-0.231069098351909,23.2282834992332,-0.00994774746741562,0.992062976786099,1
"697","PWY.6123..inosine.5.phosphate.biosynthesis.I.1802.7097176049.PWY.6123..inosine.5.phosphate.biosynthesis.I",-0.0501357323785371,5.03990803372919,-0.00994774746741562,0.992062976786099,1
"698","PWY.8131..5.deoxyadenosine.degradation.II.114.0431416711.PWY.8131..5.deoxyadenosine.degradation.II",-0.536449326965794,53.9267134316556,-0.00994774746741551,0.992062976786099,1
"699","PWY.5695..inosine.5.phosphate.degradation.1536.0548042254.PWY.5695..inosine.5.phosphate.degradation",-0.0822771015551308,8.2709278482023,-0.00994774746741551,0.992062976786099,1
"700","PWY0.845..superpathway.of.pyridoxal.5.phosphate.biosynthesis.and.salvage.518.1627540931.PWY0.845..superpathway.of.pyridoxal.5.phosphate.biosynthesis.and.salvage",-0.114566393634289,11.516817652394,-0.00994774746741551,0.992062976786099,1
"701","PWY.6124..inosine.5.phosphate.biosynthesis.II.1131.3078551784.PWY.6124..inosine.5.phosphate.biosynthesis.II",-0.0837077239092185,8.41474154660727,-0.00994774746741551,0.992062976786099,1
"702","PWY.7234..inosine.5.phosphate.biosynthesis.III.422.2302337185.PWY.7234..inosine.5.phosphate.biosynthesis.III",-0.171038935617879,17.1937351825755,-0.00994774746741551,0.992062976786099,1
"703","PWY.6124..inosine.5.phosphate.biosynthesis.II.1312.6889284614.PWY.6124..inosine.5.phosphate.biosynthesis.II",-0.063478363780123,6.38117965781203,-0.00994774746741551,0.992062976786099,1
"704","PWY.5695..inosine.5.phosphate.degradation.2273.2608615461.PWY.5695..inosine.5.phosphate.degradation",-0.0391964895091048,3.9402376907431,-0.0099477474674155,0.992062976786099,1
"705","PWY.6124..inosine.5.phosphate.biosynthesis.II.1224.7874068641.PWY.6124..inosine.5.phosphate.biosynthesis.II",-0.116010719512808,11.6620089012923,-0.00994774746741551,0.992062976786099,1
"706","PWY0.845..superpathway.of.pyridoxal.5.phosphate.biosynthesis.and.salvage.1187.7191454692.PWY0.845..superpathway.of.pyridoxal.5.phosphate.biosynthesis.and.salvage",-0.0590130714295083,5.93230493866162,-0.00994774746741562,0.992062976786099,1
"707","PWY.6124..inosine.5.phosphate.biosynthesis.II.1313.4532628484.PWY.6124..inosine.5.phosphate.biosynthesis.II",-0.0274371466340766,2.75812657327184,-0.00994774746741562,0.992062976786099,1
"708","PWY.5695..inosine.5.phosphate.degradation.259.1831582842.PWY.5695..inosine.5.phosphate.degradation",-0.166491226130302,16.7365754584799,-0.00994774746741551,0.992062976786099,1
"709","PWY.6124..inosine.5.phosphate.biosynthesis.II.257.7632062541.PWY.6124..inosine.5.phosphate.biosynthesis.II",-0.185981598119168,18.6958503649557,-0.00994774746741551,0.992062976786099,1
"710","PYRIDOXSYN.PWY..pyridoxal.5.phosphate.biosynthesis.I.143.1466659020.PYRIDOXSYN.PWY..pyridoxal.5.phosphate.biosynthesis.I",-0.174813174010456,17.5731415160133,-0.00994774746741551,0.992062976786099,1
"711","PWY.7234..inosine.5.phosphate.biosynthesis.III.966.4705830199.PWY.7234..inosine.5.phosphate.biosynthesis.III",-0.0790288510683929,7.94439659101289,-0.00994774746741551,0.992062976786099,1
"712","PWY0.845..superpathway.of.pyridoxal.5.phosphate.biosynthesis.and.salvage.1368.3863519165.PWY0.845..superpathway.of.pyridoxal.5.phosphate.biosynthesis.and.salvage",-0.0425762642743162,4.27999046153685,-0.00994774746741562,0.992062976786099,1
"713","PWY.8131..5.deoxyadenosine.degradation.II.105.1661917640.PWY.8131..5.deoxyadenosine.degradation.II",-0.224944716248245,22.6126283347126,-0.00994774746741551,0.992062976786099,1
"714","PWY.6124..inosine.5.phosphate.biosynthesis.II.1628.0424511153.PWY.6124..inosine.5.phosphate.biosynthesis.II",-0.0442806652083485,4.45132582560948,-0.00994774746741562,0.992062976786099,1
"715","PWY0.845..superpathway.of.pyridoxal.5.phosphate.biosynthesis.and.salvage.766.1076829331.PWY0.845..superpathway.of.pyridoxal.5.phosphate.biosynthesis.and.salvage",-0.143597901290319,14.4352177978665,-0.00994774746741562,0.992062976786099,1
"716","PYRIDOXSYN.PWY..pyridoxal.5.phosphate.biosynthesis.I.763.2262780207.PYRIDOXSYN.PWY..pyridoxal.5.phosphate.biosynthesis.I",-0.144246086835476,14.5003768248002,-0.00994774746741551,0.992062976786099,1
"717","PWY.5695..inosine.5.phosphate.degradation.1410.1953218198.PWY.5695..inosine.5.phosphate.degradation",-0.0918884654102339,9.23711279475284,-0.00994774746741551,0.992062976786099,1
"718","PWY.7234..inosine.5.phosphate.biosynthesis.III.303.7627735428.PWY.7234..inosine.5.phosphate.biosynthesis.III",-0.367554994326991,36.9485650425825,-0.00994774746741562,0.992062976786099,1
"719","PWY.8131..5.deoxyadenosine.degradation.II.82.4682239090.PWY.8131..5.deoxyadenosine.degradation.II",-0.396457288483853,39.8539759661642,-0.00994774746741562,0.992062976786099,1
"720","PWY.6124..inosine.5.phosphate.biosynthesis.II.1398.7265737271.PWY.6124..inosine.5.phosphate.biosynthesis.II",-0.0377294929659232,3.79276746715863,-0.00994774746741551,0.992062976786099,1
"721","PWY.7234..inosine.5.phosphate.biosynthesis.III.490.4518573254.PWY.7234..inosine.5.phosphate.biosynthesis.III",-0.122491980086469,12.3135393703648,-0.00994774746741562,0.992062976786099,1
"722","PWY0.845..superpathway.of.pyridoxal.5.phosphate.biosynthesis.and.salvage.859.6392049697.PWY0.845..superpathway.of.pyridoxal.5.phosphate.biosynthesis.and.salvage",-0.040636798633679,4.0850251543666,-0.0099477474674155,0.992062976786099,1
"723","PWY.5695..inosine.5.phosphate.degradation.882.9244516161.PWY.5695..inosine.5.phosphate.degradation",-0.103301624604871,10.384423704285,-0.00994774746741551,0.992062976786099,1
"724","PWY.6124..inosine.5.phosphate.biosynthesis.II.1346.1509932997.PWY.6124..inosine.5.phosphate.biosynthesis.II",-0.0369768817929997,3.71711102579955,-0.00994774746741551,0.992062976786099,1
"725","PWY.7234..inosine.5.phosphate.biosynthesis.III.393.3464957768.PWY.7234..inosine.5.phosphate.biosynthesis.III",-0.129368621160651,13.0048155710028,-0.00994774746741562,0.992062976786099,1
"726","PWY0.845..superpathway.of.pyridoxal.5.phosphate.biosynthesis.and.salvage.814.8272776131.PWY0.845..superpathway.of.pyridoxal.5.phosphate.biosynthesis.and.salvage",-0.0387741704591131,3.89778395421879,-0.00994774746741562,0.992062976786099,1
"727","PYRIDOXSYN.PWY..pyridoxal.5.phosphate.biosynthesis.I.845.5764515406.PYRIDOXSYN.PWY..pyridoxal.5.phosphate.biosynthesis.I",-0.037379596137862,3.75759399404752,-0.00994774746741551,0.992062976786099,1
"728","PWY.5695..inosine.5.phosphate.degradation.1493.7449698482.PWY.5695..inosine.5.phosphate.degradation",-0.128512325870006,12.9187362557158,-0.00994774746741551,0.992062976786099,1
"729","PWY.6123..inosine.5.phosphate.biosynthesis.I.1190.0998970714.PWY.6123..inosine.5.phosphate.biosynthesis.I",-0.07782316752345,7.82319492712938,-0.00994774746741562,0.992062976786099,1
"730","PWY.6124..inosine.5.phosphate.biosynthesis.II.1144.9044592140.PWY.6124..inosine.5.phosphate.biosynthesis.II",-0.0784385787130363,7.88505930312033,-0.00994774746741551,0.992062976786099,1
"731","PYRIDOXSYN.PWY..pyridoxal.5.phosphate.biosynthesis.I.679.5486262013.PYRIDOXSYN.PWY..pyridoxal.5.phosphate.biosynthesis.I",-0.0362487850061054,3.64391889971476,-0.00994774746741562,0.992062976786099,1
"732","PWY.6124..inosine.5.phosphate.biosynthesis.II.1402.7531453356.PWY.6124..inosine.5.phosphate.biosynthesis.II",-0.0475579350403383,4.7807742603154,-0.00994774746741562,0.992062976786099,1
"733","PYRIDOXSYN.PWY..pyridoxal.5.phosphate.biosynthesis.I.774.4497278237.PYRIDOXSYN.PWY..pyridoxal.5.phosphate.biosynthesis.I",-0.0432429153574053,4.34700574165662,-0.00994774746741551,0.992062976786099,1
"734","PWY.7234..inosine.5.phosphate.biosynthesis.III.431.8771213828.PWY.7234..inosine.5.phosphate.biosynthesis.III",-0.105891968433831,10.6448187170699,-0.00994774746741562,0.992062976786099,1
"735","PWY.6123..inosine.5.phosphate.biosynthesis.I.1560.5158357293.PWY.6123..inosine.5.phosphate.biosynthesis.I",-0.0426574330348642,4.28814997310606,-0.00994774746741562,0.992062976786099,1
"736","PWY.7234..inosine.5.phosphate.biosynthesis.III.596.1010299797.PWY.7234..inosine.5.phosphate.biosynthesis.III",-0.114135947610232,11.4735469496076,-0.00994774746741551,0.992062976786099,1
"737","PWY.6124..inosine.5.phosphate.biosynthesis.II.1405.2021296462.PWY.6124..inosine.5.phosphate.biosynthesis.II",-0.0539901151917131,5.42737090668629,-0.00994774746741551,0.992062976786099,1
"738","PWY0.845..superpathway.of.pyridoxal.5.phosphate.biosynthesis.and.salvage.718.2284482889.PWY0.845..superpathway.of.pyridoxal.5.phosphate.biosynthesis.and.salvage",-0.101241199637107,10.1772989280969,-0.00994774746741551,0.992062976786099,1
"739","PWY.6124..inosine.5.phosphate.biosynthesis.II.1219.7597606160.PWY.6124..inosine.5.phosphate.biosynthesis.II",-0.0695026212585759,6.98676976735047,-0.00994774746741551,0.992062976786099,1
"740","PYRIDOXSYN.PWY..pyridoxal.5.phosphate.biosynthesis.I.367.4385986276.PYRIDOXSYN.PWY..pyridoxal.5.phosphate.biosynthesis.I",-0.45938814135617,46.1801169421445,-0.00994774746741551,0.992062976786099,1
"741","PWY.8131..5.deoxyadenosine.degradation.II.438.4189202760.PWY.8131..5.deoxyadenosine.degradation.II",-0.0678777529981862,6.82342944676915,-0.00994774746741551,0.992062976786099,1
"742","PYRIDOXSYN.PWY..pyridoxal.5.phosphate.biosynthesis.I.676.5309499308.PYRIDOXSYN.PWY..pyridoxal.5.phosphate.biosynthesis.I",-0.189084051848338,19.0077253637261,-0.00994774746741562,0.992062976786099,1
"743","PWY.5695..inosine.5.phosphate.degradation.1503.2072566590.PWY.5695..inosine.5.phosphate.degradation",-0.0429158993706664,4.31413237129714,-0.00994774746741551,0.992062976786099,1
"744","PWY.8131..5.deoxyadenosine.degradation.II.225.2262269780.PWY.8131..5.deoxyadenosine.degradation.II",-0.252349328973755,25.3674844280418,-0.00994774746741551,0.992062976786099,1
"745","PWY.5695..inosine.5.phosphate.degradation.1218.9062817535.PWY.5695..inosine.5.phosphate.degradation",-0.0766555131726975,7.70581615825962,-0.00994774746741562,0.992062976786099,1
"746","PWY.6662..superpathway.of.quinolone.and.alkylquinolone.biosynthesis",-1.56540009035452,157.362266732453,-0.00994774746741551,0.992062976786099,1
"747","PWY.6124..inosine.5.phosphate.biosynthesis.II.1291.8513392077.PWY.6124..inosine.5.phosphate.biosynthesis.II",-0.0692307110877757,6.95943592401643,-0.00994774746741562,0.992062976786099,1
"748","PWY.8131..5.deoxyadenosine.degradation.II.161.6920763620.PWY.8131..5.deoxyadenosine.degradation.II",-0.373659284252662,37.5622004354862,-0.00994774746741551,0.992062976786099,1
"749","PWY.5695..inosine.5.phosphate.degradation.1498.9721228257.PWY.5695..inosine.5.phosphate.degradation",-0.0844645072539907,8.49081739666791,-0.00994774746741551,0.992062976786099,1
"750","PWY.6123..inosine.5.phosphate.biosynthesis.I.1212.1978810684.PWY.6123..inosine.5.phosphate.biosynthesis.I",-0.0902825153670773,9.07567423306658,-0.00994774746741562,0.992062976786099,1
"751","PWY.8131..5.deoxyadenosine.degradation.II.72.3272657384.PWY.8131..5.deoxyadenosine.degradation.II",-0.538706484023466,54.1536147542983,-0.00994774746741551,0.992062976786099,1
"752","PWY.7234..inosine.5.phosphate.biosynthesis.III.305.5879953143.PWY.7234..inosine.5.phosphate.biosynthesis.III",-0.17207962638524,17.2983509029453,-0.00994774746741562,0.992062976786099,1
"753","PYRIDOXSYN.PWY..pyridoxal.5.phosphate.biosynthesis.I.557.6634103905.PYRIDOXSYN.PWY..pyridoxal.5.phosphate.biosynthesis.I",-0.0763712508915519,7.67724061569826,-0.00994774746741551,0.992062976786099,1
"754","PWY.5695..inosine.5.phosphate.degradation.2786.6911707370.PWY.5695..inosine.5.phosphate.degradation",-0.0651590187681167,6.55012795424779,-0.00994774746741562,0.992062976786099,1
"755","PWY.6123..inosine.5.phosphate.biosynthesis.I.2039.0324261786.PWY.6123..inosine.5.phosphate.biosynthesis.I",-0.0357876332598949,3.59756149591851,-0.0099477474674155,0.992062976786099,1
"756","PWY0.845..superpathway.of.pyridoxal.5.phosphate.biosynthesis.and.salvage.934.0744334164.PWY0.845..superpathway.of.pyridoxal.5.phosphate.biosynthesis.and.salvage",-0.036801702475293,3.69950107758962,-0.00994774746741551,0.992062976786099,1
"757","PYRIDOXSYN.PWY..pyridoxal.5.phosphate.biosynthesis.I.827.4454650420.PYRIDOXSYN.PWY..pyridoxal.5.phosphate.biosynthesis.I",-0.0356997330276389,3.58872530133835,-0.00994774746741562,0.992062976786099,1
"758","PWY.7234..inosine.5.phosphate.biosynthesis.III.353.1065627890.PWY.7234..inosine.5.phosphate.biosynthesis.III",-0.440163229067171,44.24752744367,-0.00994774746741562,0.992062976786099,1
"759","PWY.6123..inosine.5.phosphate.biosynthesis.I.2126.7524171221.PWY.6123..inosine.5.phosphate.biosynthesis.I",-0.0315125052852578,3.1678031020067,-0.00994774746741539,0.992062976786099,1
"760","PWY.6124..inosine.5.phosphate.biosynthesis.II.2042.1593613693.PWY.6124..inosine.5.phosphate.biosynthesis.II",-0.0323998509126259,3.2570037607764,-0.00994774746741539,0.992062976786099,1
"761","PWY.7234..inosine.5.phosphate.biosynthesis.III.584.5432560607.PWY.7234..inosine.5.phosphate.biosynthesis.III",-0.124615049010003,12.5269614471205,-0.00994774746741539,0.992062976786099,1
"762","PYRIDOXSYN.PWY..pyridoxal.5.phosphate.biosynthesis.I.1212.8618199812.PYRIDOXSYN.PWY..pyridoxal.5.phosphate.biosynthesis.I",-0.113215444244853,11.3810131002721,-0.00994774746741539,0.992062976786099,1
"763","PWY.5695..inosine.5.phosphate.degradation.1197.2877926067.PWY.5695..inosine.5.phosphate.degradation",-0.0416800240969801,4.18989567573023,-0.00994774746741539,0.992062976786099,1
"764","PWY.6123..inosine.5.phosphate.biosynthesis.I.1658.0529718758.PWY.6123..inosine.5.phosphate.biosynthesis.I",-0.0466959647933573,4.69412446851044,-0.00994774746741539,0.992062976786099,1
"765","PYRIDOXSYN.PWY..pyridoxal.5.phosphate.biosynthesis.I.189.4450537933.PYRIDOXSYN.PWY..pyridoxal.5.phosphate.biosynthesis.I",-0.519158573831806,52.1885558044521,-0.00994774746741539,0.992062976786099,1
"766","PWY.5695..inosine.5.phosphate.degradation.1557.4052014445.PWY.5695..inosine.5.phosphate.degradation",-0.0547011945412174,5.49885235028285,-0.00994774746741539,0.992062976786099,1
"767","PWY.6124..inosine.5.phosphate.biosynthesis.II.1731.6932033335.PWY.6124..inosine.5.phosphate.biosynthesis.II",-0.0335286081587264,3.37047238769902,-0.00994774746741539,0.992062976786099,1
"768","PWY.7000..kanamycin.biosynthesis",-0.343049178233741,34.4851112633714,-0.00994774746741539,0.992062976786099,1
"769","PWY.7234..inosine.5.phosphate.biosynthesis.III.714.2078610045.PWY.7234..inosine.5.phosphate.biosynthesis.III",-0.098501641057675,9.90190406223365,-0.00994774746741539,0.992062976786099,1
"770","PWY.6124..inosine.5.phosphate.biosynthesis.II.1930.3151013885.PWY.6124..inosine.5.phosphate.biosynthesis.II",-0.0622900544480591,6.26172454136929,-0.00994774746741539,0.992062976786099,1
"771","PWY.6123..inosine.5.phosphate.biosynthesis.I.1396.0072353808.PWY.6123..inosine.5.phosphate.biosynthesis.I",-0.0684493376824042,6.88088815147501,-0.0099477474674154,0.992062976786099,1
"772","PWY.7234..inosine.5.phosphate.biosynthesis.III.507.0081569548.PWY.7234..inosine.5.phosphate.biosynthesis.III",-0.320503171315189,32.218667830584,-0.00994774746741539,0.992062976786099,1
"773","PWY.5695..inosine.5.phosphate.degradation.1813.9582129190.PWY.5695..inosine.5.phosphate.degradation",-0.062628315974669,6.29572837266053,-0.00994774746741539,0.992062976786099,1
"774","PWY.6124..inosine.5.phosphate.biosynthesis.II.1383.1512648547.PWY.6124..inosine.5.phosphate.biosynthesis.II",-0.0299189606888277,3.00761160120213,-0.00994774746741539,0.992062976786099,1
"775","PWY.7234..inosine.5.phosphate.biosynthesis.III.665.4135128836.PWY.7234..inosine.5.phosphate.biosynthesis.III",-0.0828750916994321,8.33104096891238,-0.0099477474674154,0.992062976786099,1
"776","PWY0.845..superpathway.of.pyridoxal.5.phosphate.biosynthesis.and.salvage.583.0961094467.PWY0.845..superpathway.of.pyridoxal.5.phosphate.biosynthesis.and.salvage",-0.0600218603135034,6.03371371359291,-0.00994774746741539,0.992062976786099,1
"777","PWY.5695..inosine.5.phosphate.degradation.1492.3672845577.PWY.5695..inosine.5.phosphate.degradation",-0.107818703088568,10.8385042384456,-0.00994774746741539,0.992062976786099,1
"778","PWY.5695..inosine.5.phosphate.degradation.1980.9568976599.PWY.5695..inosine.5.phosphate.degradation",-0.0285901288707406,2.87403042391152,-0.00994774746741539,0.992062976786099,1
"779","PWY.6124..inosine.5.phosphate.biosynthesis.II.1793.4231831552.PWY.6124..inosine.5.phosphate.biosynthesis.II",-0.0282206264605925,2.83688609436772,-0.00994774746741539,0.992062976786099,1
"780","PWY.6124..inosine.5.phosphate.biosynthesis.II.1377.8456876138.PWY.6124..inosine.5.phosphate.biosynthesis.II",-0.0416836415096025,4.19025931711078,-0.00994774746741539,0.992062976786099,1
"781","PWY.8131..5.deoxyadenosine.degradation.II.188.7897722720.PWY.8131..5.deoxyadenosine.degradation.II",-0.26234808972965,26.3726125526398,-0.00994774746741539,0.992062976786099,1
"782","PWY.6123..inosine.5.phosphate.biosynthesis.I.1176.8022165433.PWY.6123..inosine.5.phosphate.biosynthesis.I",-0.0797637397539094,8.01827147454051,-0.00994774746741539,0.992062976786099,1
"783","PWY.7234..inosine.5.phosphate.biosynthesis.III.314.3023243227.PWY.7234..inosine.5.phosphate.biosynthesis.III",-0.150665396884512,15.1456797006587,-0.00994774746741539,0.992062976786099,1
"784","PWY.5695..inosine.5.phosphate.degradation.1538.3537591763.PWY.5695..inosine.5.phosphate.degradation",-0.139970873571871,14.0706098571919,-0.00994774746741539,0.992062976786099,1
"785","PWY.5695..inosine.5.phosphate.degradation.1626.5659917553.PWY.5695..inosine.5.phosphate.degradation",-0.0917874702595021,9.22696022995749,-0.00994774746741539,0.992062976786099,1
"786","PWY.6124..inosine.5.phosphate.biosynthesis.II.1397.6989580912.PWY.6124..inosine.5.phosphate.biosynthesis.II",-0.0750205851003579,7.54146457236611,-0.00994774746741539,0.992062976786099,1
"787","PWY.6123..inosine.5.phosphate.biosynthesis.I.1052.7251467130.PWY.6123..inosine.5.phosphate.biosynthesis.I",-0.105897371117329,10.6453618232876,-0.00994774746741539,0.992062976786099,1
"788","PWY.5695..inosine.5.phosphate.degradation.1826.3115386333.PWY.5695..inosine.5.phosphate.degradation",-0.0410282363664391,4.12437453813843,-0.00994774746741539,0.992062976786099,1
"789","PWY.7234..inosine.5.phosphate.biosynthesis.III.222.7189050075.PWY.7234..inosine.5.phosphate.biosynthesis.III",-0.32160206477932,32.3291343927609,-0.00994774746741539,0.992062976786099,1
"790","PWY.6123..inosine.5.phosphate.biosynthesis.I.1859.1605386683.PWY.6123..inosine.5.phosphate.biosynthesis.I",-0.0230481757218172,2.31692408731859,-0.00994774746741539,0.992062976786099,1
"791","PWY.8131..5.deoxyadenosine.degradation.II.20.8761099813.PWY.8131..5.deoxyadenosine.degradation.II",-0.730797457030966,73.4636116794027,-0.00994774746741539,0.992062976786099,1
"792","PWY0.845..superpathway.of.pyridoxal.5.phosphate.biosynthesis.and.salvage.632.1216195673.PWY0.845..superpathway.of.pyridoxal.5.phosphate.biosynthesis.and.salvage",-0.0721252957223997,7.25041482593438,-0.00994774746741539,0.992062976786099,1
"793","CHLOROPHYLL.SYN..3.8.divinyl.chlorophyllide.a.biosynthesis.I..aerobic..light.dependent.",-1.20646242670006,121.27996118236,-0.00994774746741539,0.992062976786099,1
"794","PWY.5695..inosine.5.phosphate.degradation.2057.2009862175.PWY.5695..inosine.5.phosphate.degradation",-0.0401662227219596,4.0377203837881,-0.00994774746741539,0.992062976786099,1
"795","PWY.6123..inosine.5.phosphate.biosynthesis.I.1651.2306206199.PWY.6123..inosine.5.phosphate.biosynthesis.I",-0.100830349759845,10.135998133258,-0.00994774746741539,0.992062976786099,1
"796","PWY.7159..3.8.divinyl.chlorophyllide.a.biosynthesis.III..aerobic..light.independent.",-1.20646242670006,121.27996118236,-0.00994774746741539,0.992062976786099,1
"797","PWY.7234..inosine.5.phosphate.biosynthesis.III.554.1672470755.PWY.7234..inosine.5.phosphate.biosynthesis.III",-0.212692326387559,21.3809535358883,-0.00994774746741539,0.992062976786099,1
"798","PWY.6123..inosine.5.phosphate.biosynthesis.I.1527.4374164285.PWY.6123..inosine.5.phosphate.biosynthesis.I",-0.0757517650586045,7.61496663508349,-0.00994774746741539,0.992062976786099,1
"799","PYRIDOXSYN.PWY..pyridoxal.5.phosphate.biosynthesis.I.598.8281925475.PYRIDOXSYN.PWY..pyridoxal.5.phosphate.biosynthesis.I",-0.27554725040978,27.6994617437119,-0.00994774746741539,0.992062976786099,1
"800","PWY.6123..inosine.5.phosphate.biosynthesis.I.923.2944335191.PWY.6123..inosine.5.phosphate.biosynthesis.I",-0.0600068809278605,6.0322079068068,-0.00994774746741539,0.992062976786099,1
"801","PWY.5695..inosine.5.phosphate.degradation.2107.4393727678.PWY.5695..inosine.5.phosphate.degradation",-0.0633863138421942,6.37192631294883,-0.00994774746741539,0.992062976786099,1
"802","PWY.5695..inosine.5.phosphate.degradation.2452.7380719212.PWY.5695..inosine.5.phosphate.degradation",-0.0489126709992835,4.91695945835986,-0.00994774746741539,0.992062976786099,1
"803","PYRIDOXSYN.PWY..pyridoxal.5.phosphate.biosynthesis.I.1466.7477409446.PYRIDOXSYN.PWY..pyridoxal.5.phosphate.biosynthesis.I",-0.0350555706171321,3.52397070110186,-0.00994774746741539,0.992062976786099,1
"804","PWY.6124..inosine.5.phosphate.biosynthesis.II.1759.4260420377.PWY.6124..inosine.5.phosphate.biosynthesis.II",-0.0252820918764518,2.54148911190852,-0.00994774746741539,0.992062976786099,1
"805","PWY.6124..inosine.5.phosphate.biosynthesis.II.1840.5557538325.PWY.6124..inosine.5.phosphate.biosynthesis.II",-0.0704719183825889,7.08420862244695,-0.00994774746741539,0.992062976786099,1
"806","PWY.6281..L.selenocysteine.biosynthesis.II..archaea.and.eukaryotes.",-0.339924334403068,34.1709854936021,-0.00994774746741539,0.992062976786099,1
"807","PWY.8131..5.deoxyadenosine.degradation.II.70.7549431222.PWY.8131..5.deoxyadenosine.degradation.II",-0.275304685753536,27.6750778661518,-0.00994774746741539,0.992062976786099,1
"808","PWY.8131..5.deoxyadenosine.degradation.II.13.4876141983.PWY.8131..5.deoxyadenosine.degradation.II",-1.18480749065873,119.10309289009,-0.0099477474674154,0.992062976786099,1
"809","PWY.6124..inosine.5.phosphate.biosynthesis.II.1481.6490754344.PWY.6124..inosine.5.phosphate.biosynthesis.II",-0.04983077039098,5.00925164759203,-0.00994774746741539,0.992062976786099,1
"810","PWY.6920..6.gingerol.analog.biosynthesis..engineered.",-0.401908282098491,40.4019385710155,-0.0099477474674154,0.992062976786099,1
"811","PWY.6123..inosine.5.phosphate.biosynthesis.I.808.8771173132.PWY.6123..inosine.5.phosphate.biosynthesis.I",-0.245789361619841,24.7080419386341,-0.00994774746741539,0.992062976786099,1
"812","PWY.5695..inosine.5.phosphate.degradation.2789.6772131120.PWY.5695..inosine.5.phosphate.degradation",-0.023594267916582,2.37182015263926,-0.00994774746741539,0.992062976786099,1
"813","PWY.6123..inosine.5.phosphate.biosynthesis.I.2283.4544318383.PWY.6123..inosine.5.phosphate.biosynthesis.I",-0.0360198573866904,3.62090588896393,-0.00994774746741539,0.992062976786099,1
"814","PWY.6124..inosine.5.phosphate.biosynthesis.II.2153.5474417475.PWY.6124..inosine.5.phosphate.biosynthesis.II",-0.0443509216430341,4.45838837267522,-0.00994774746741539,0.992062976786099,1
"815","PYRIDOXSYN.PWY..pyridoxal.5.phosphate.biosynthesis.I.735.2242942612.PYRIDOXSYN.PWY..pyridoxal.5.phosphate.biosynthesis.I",-0.103997633248479,10.4543901611024,-0.00994774746741539,0.992062976786099,1
"816","PWY.7234..inosine.5.phosphate.biosynthesis.III.82.9585800883.PWY.7234..inosine.5.phosphate.biosynthesis.III",-0.430337117489103,43.2597549242886,-0.00994774746741539,0.992062976786099,1
"817","PWY.7754..bile.acid.7.alpha..dehydroxylation",-0.108988202703869,10.9560685030323,-0.00994774746741539,0.992062976786099,1
"818","PWY0.845..superpathway.of.pyridoxal.5.phosphate.biosynthesis.and.salvage.862.3812722313.PWY0.845..superpathway.of.pyridoxal.5.phosphate.biosynthesis.and.salvage",-0.0785648971680243,7.89775749991338,-0.0099477474674154,0.992062976786099,1
"819","PWY.6124..inosine.5.phosphate.biosynthesis.II.1379.0763545266.PWY.6124..inosine.5.phosphate.biosynthesis.II",-0.0482949573116453,4.85486362313068,-0.00994774746741539,0.992062976786099,1
"820","PWY.8131..5.deoxyadenosine.degradation.II.71.8599270166.PWY.8131..5.deoxyadenosine.degradation.II",-0.468500064667362,47.0960954931726,-0.00994774746741539,0.992062976786099,1
"821","PWY0.845..superpathway.of.pyridoxal.5.phosphate.biosynthesis.and.salvage.601.8654681113.PWY0.845..superpathway.of.pyridoxal.5.phosphate.biosynthesis.and.salvage",-0.129183140053976,12.9861700326758,-0.00994774746741539,0.992062976786099,1
"822","PYRIDOXSYN.PWY..pyridoxal.5.phosphate.biosynthesis.I.539.7427475264.PYRIDOXSYN.PWY..pyridoxal.5.phosphate.biosynthesis.I",-0.112818389599531,11.3410990748485,-0.0099477474674154,0.992062976786099,1
"823","PWY.101..photosynthesis.light.reactions",-0.784548284863756,78.866928159727,-0.00994774746741539,0.992062976786099,1
"824","PWY.6124..inosine.5.phosphate.biosynthesis.II.557.5880296642.PWY.6124..inosine.5.phosphate.biosynthesis.II",-0.195019560884168,19.6043940121087,-0.00994774746741539,0.992062976786099,1
"825","PWY.8131..5.deoxyadenosine.degradation.II.68.0636361821.PWY.8131..5.deoxyadenosine.degradation.II",-0.362252514330751,36.4155318093203,-0.00994774746741539,0.992062976786099,1
"826","PWY.5695..inosine.5.phosphate.degradation.2560.3081584221.PWY.5695..inosine.5.phosphate.degradation",-0.0138412954695465,1.39139996415115,-0.00994774746741539,0.992062976786099,1
"827","PWY.7204..pyridoxal.5.phosphate.salvage.II..plants..431.6432382902.PWY.7204..pyridoxal.5.phosphate.salvage.II..plants.",-0.0466298678475526,4.68748005518759,-0.00994774746741539,0.992062976786099,1
"828","PWY.7234..inosine.5.phosphate.biosynthesis.III.1225.3151498919.PWY.7234..inosine.5.phosphate.biosynthesis.III",-0.0357449443256721,3.59327017928002,-0.00994774746741539,0.992062976786099,1
"829","PWY.5695..inosine.5.phosphate.degradation.799.2850972578.PWY.5695..inosine.5.phosphate.degradation",-0.0540330623099916,5.43168817734678,-0.00994774746741539,0.992062976786099,1
"830","PWY.6123..inosine.5.phosphate.biosynthesis.I.1337.2212668114.PWY.6123..inosine.5.phosphate.biosynthesis.I",-0.071108568254553,7.14820802271816,-0.00994774746741539,0.992062976786099,1
"831","PWY.6124..inosine.5.phosphate.biosynthesis.II.1287.9865355759.PWY.6124..inosine.5.phosphate.biosynthesis.II",-0.0728878091271603,7.32706669182244,-0.00994774746741539,0.992062976786099,1
"832","PWY.6123..inosine.5.phosphate.biosynthesis.I.1177.7867082598.PWY.6123..inosine.5.phosphate.biosynthesis.I",-0.0820444455624894,8.24754004172625,-0.00994774746741539,0.992062976786099,1
"833","PWY.6124..inosine.5.phosphate.biosynthesis.II.1549.6479028864.PWY.6124..inosine.5.phosphate.biosynthesis.II",-0.0393175380914967,3.95240613217056,-0.00994774746741539,0.992062976786099,1
"834","PWY.8131..5.deoxyadenosine.degradation.II.42.7918174224.PWY.8131..5.deoxyadenosine.degradation.II",-0.945973753492049,95.0942669775904,-0.00994774746741539,0.992062976786099,1
"835","PWY0.845..superpathway.of.pyridoxal.5.phosphate.biosynthesis.and.salvage.779.0205175068.PWY0.845..superpathway.of.pyridoxal.5.phosphate.biosynthesis.and.salvage",-0.394384527041263,39.6456110625144,-0.00994774746741539,0.992062976786099,1
"836","PYRIDOXSYN.PWY..pyridoxal.5.phosphate.biosynthesis.I.784.0668021990.PYRIDOXSYN.PWY..pyridoxal.5.phosphate.biosynthesis.I",-0.0313208477169428,3.14853667320533,-0.00994774746741539,0.992062976786099,1
"837","PWY.5695..inosine.5.phosphate.degradation.1556.6483512165.PWY.5695..inosine.5.phosphate.degradation",-0.0623488347519093,6.26763344728419,-0.00994774746741539,0.992062976786099,1
"838","PWY.7234..inosine.5.phosphate.biosynthesis.III.742.6727547570.PWY.7234..inosine.5.phosphate.biosynthesis.III",-0.126337910669505,12.7001525806052,-0.0099477474674154,0.992062976786099,1
"839","PWY.6123..inosine.5.phosphate.biosynthesis.I.2050.4842598845.PWY.6123..inosine.5.phosphate.biosynthesis.I",-0.0606544273237703,6.09730268308967,-0.00994774746741539,0.992062976786099,1
"840","PWY.8131..5.deoxyadenosine.degradation.II.201.2622801464.PWY.8131..5.deoxyadenosine.degradation.II",-0.808815783694927,81.3064250318241,-0.00994774746741539,0.992062976786099,1
"841","PYRIDOXSYN.PWY..pyridoxal.5.phosphate.biosynthesis.I.1336.2519209583.PYRIDOXSYN.PWY..pyridoxal.5.phosphate.biosynthesis.I",-0.0431522297854838,4.33788955005465,-0.00994774746741539,0.992062976786099,1
"842","PWY.6123..inosine.5.phosphate.biosynthesis.I.1139.1450289500.PWY.6123..inosine.5.phosphate.biosynthesis.I",-0.0550714480966993,5.53607218891412,-0.00994774746741539,0.992062976786099,1
"843","PWY0.845..superpathway.of.pyridoxal.5.phosphate.biosynthesis.and.salvage.251.8813814522.RHAMCAT.PWY..L.rhamnose.degradation.I.249.0106439449.RHAMCAT.PWY..L.rhamnose.degradation.I",-0.0679215204417567,6.82782918085113,-0.00994774746741539,0.992062976786099,1
"844","PWY.6123..inosine.5.phosphate.biosynthesis.I.1249.0159684088.PWY.6123..inosine.5.phosphate.biosynthesis.I",-0.0641227301392216,6.44595476003592,-0.00994774746741539,0.992062976786099,1
"845","PYRIDOXSYN.PWY..pyridoxal.5.phosphate.biosynthesis.I.869.0067220013.PYRIDOXSYN.PWY..pyridoxal.5.phosphate.biosynthesis.I",-0.0388555133541134,3.90596097070092,-0.00994774746741539,0.992062976786099,1
"846","PWY.7234..inosine.5.phosphate.biosynthesis.III.535.1137842658.PWY.7234..inosine.5.phosphate.biosynthesis.III",-0.14943478938061,15.0219725490716,-0.00994774746741539,0.992062976786099,1
"847","PWY.7234..inosine.5.phosphate.biosynthesis.III.382.4854459523.PWY.7234..inosine.5.phosphate.biosynthesis.III",-0.164403388125227,16.526694979315,-0.00994774746741539,0.992062976786099,1
"848","PYRIDOXSYN.PWY..pyridoxal.5.phosphate.biosynthesis.I.400.2728560166.PYRIDOXSYN.PWY..pyridoxal.5.phosphate.biosynthesis.I",-0.139202075763077,13.9933262498917,-0.00994774746741539,0.992062976786099,1
"849","PWY0.845..superpathway.of.pyridoxal.5.phosphate.biosynthesis.and.salvage.497.2978998511.PWY0.845..superpathway.of.pyridoxal.5.phosphate.biosynthesis.and.salvage",-0.0686871810136906,6.904797416569,-0.00994774746741539,0.992062976786099,1
"850","PWY.6123..inosine.5.phosphate.biosynthesis.I.1452.9652594258.PWY.6123..inosine.5.phosphate.biosynthesis.I",-0.0497855860485717,5.00470947937191,-0.00994774746741539,0.992062976786099,1
"851","PYRIDOXSYN.PWY..pyridoxal.5.phosphate.biosynthesis.I.529.3561547069.PYRIDOXSYN.PWY..pyridoxal.5.phosphate.biosynthesis.I",-0.0712943918442673,7.16688798924556,-0.00994774746741539,0.992062976786099,1
"852","PYRIDOXSYN.PWY..pyridoxal.5.phosphate.biosynthesis.I.592.8244205603.PYRIDOXSYN.PWY..pyridoxal.5.phosphate.biosynthesis.I",-0.0930107417742124,9.34992992925043,-0.00994774746741539,0.992062976786099,1
"853","PWY.5695..inosine.5.phosphate.degradation.1328.8097936993.PWY.5695..inosine.5.phosphate.degradation",-0.0835101129334571,8.39487664991505,-0.00994774746741539,0.992062976786099,1
"854","PWY.6123..inosine.5.phosphate.biosynthesis.I.1285.9971388685.PWY.6123..inosine.5.phosphate.biosynthesis.I",-0.0870826727646125,8.7540091915138,-0.00994774746741539,0.992062976786099,1
"855","PWY.8131..5.deoxyadenosine.degradation.II.39.5031582529.PWY.8131..5.deoxyadenosine.degradation.II",-1.80581570287756,181.530111092249,-0.00994774746741539,0.992062976786099,1
"856","PWY.6123..inosine.5.phosphate.biosynthesis.I.1913.4522940145.PWY.6123..inosine.5.phosphate.biosynthesis.I",-0.043726970204112,4.39566548581405,-0.00994774746741539,0.992062976786099,1
"857","PWY.7234..inosine.5.phosphate.biosynthesis.III.1133.4066225970.PWY.7234..inosine.5.phosphate.biosynthesis.III",-0.043726970204112,4.39566548581405,-0.00994774746741539,0.992062976786099,1
"858","PWY.5695..inosine.5.phosphate.degradation.2113.2597242273.PWY.5695..inosine.5.phosphate.degradation",-0.047728811613077,4.79795167392582,-0.00994774746741539,0.992062976786099,1
"859","PWY.6124..inosine.5.phosphate.biosynthesis.II.1862.6959161040.PWY.6124..inosine.5.phosphate.biosynthesis.II",-0.0559724835869993,5.62664902485125,-0.00994774746741539,0.992062976786099,1
"860","PWY.8131..5.deoxyadenosine.degradation.II.41.9462291211.PWY.8131..5.deoxyadenosine.degradation.II",-1.57431023948742,158.257961879732,-0.00994774746741539,0.992062976786099,1
"861","PWY.5695..inosine.5.phosphate.degradation.2319.2110898997.PWY.5695..inosine.5.phosphate.degradation",-0.0297829520152957,2.99393929257375,-0.00994774746741528,0.9920629767861,1
"862","PWY.8131..5.deoxyadenosine.degradation.II.159.6675841928.PWY.8131..5.deoxyadenosine.degradation.II",-0.324056992504782,32.5759166651806,-0.00994774746741528,0.9920629767861,1
"863","PWY.5695..inosine.5.phosphate.degradation.1689.9403824644.PWY.5695..inosine.5.phosphate.degradation",-0.0659309398601785,6.62772553044205,-0.00994774746741528,0.9920629767861,1
"864","PWY0.845..superpathway.of.pyridoxal.5.phosphate.biosynthesis.and.salvage.490.4961737405.PWY0.845..superpathway.of.pyridoxal.5.phosphate.biosynthesis.and.salvage",-0.064856618207658,6.51972905626138,-0.00994774746741528,0.9920629767861,1
"865","PWY.5695..inosine.5.phosphate.degradation.1479.8074452840.PWY.5695..inosine.5.phosphate.degradation",-0.143098934992505,14.385059076061,-0.00994774746741528,0.9920629767861,1
"866","PWY.6124..inosine.5.phosphate.biosynthesis.II.1004.2267117479.PWY.6124..inosine.5.phosphate.biosynthesis.II",-0.14525521732877,14.6018199400986,-0.00994774746741528,0.9920629767861,1
"867","PWY.6124..inosine.5.phosphate.biosynthesis.II.1450.0338004579.PWY.6124..inosine.5.phosphate.biosynthesis.II",-0.0719371672900582,7.23150316447966,-0.00994774746741528,0.9920629767861,1
"868","PWY.6124..inosine.5.phosphate.biosynthesis.II.1623.5356174635.PWY.6124..inosine.5.phosphate.biosynthesis.II",-0.0732950825140233,7.36800795899853,-0.00994774746741528,0.9920629767861,1
"869","PWY.8131..5.deoxyadenosine.degradation.II.121.4958497284.PWY.8131..5.deoxyadenosine.degradation.II",-0.430410707093911,43.2671525391812,-0.00994774746741528,0.9920629767861,1
"870","PWY.5695..inosine.5.phosphate.degradation.1627.2973407650.PWY.5695..inosine.5.phosphate.degradation",-0.0375164410847183,3.77135036927773,-0.00994774746741528,0.9920629767861,1
"871","PWY.6123..inosine.5.phosphate.biosynthesis.I.1959.7307107994.PWY.6123..inosine.5.phosphate.biosynthesis.I",-0.0502484840863174,5.05124242959632,-0.00994774746741528,0.9920629767861,1
"872","PWY.8131..5.deoxyadenosine.degradation.II.104.3164704368.PWY.8131..5.deoxyadenosine.degradation.II",-0.339047512175552,34.0828427024441,-0.00994774746741528,0.9920629767861,1
"873","PWY.7234..inosine.5.phosphate.biosynthesis.III.654.4281656169.PWY.7234..inosine.5.phosphate.biosynthesis.III",-0.0852647170229025,8.57125869974027,-0.00994774746741528,0.9920629767861,1
"874","PYRIDOXSYN.PWY..pyridoxal.5.phosphate.biosynthesis.I.1003.9483764044.PYRIDOXSYN.PWY..pyridoxal.5.phosphate.biosynthesis.I",-0.0581018385004413,5.84070300243939,-0.00994774746741528,0.9920629767861,1
"875","PWY.6123..inosine.5.phosphate.biosynthesis.I.1560.4781443597.PWY.6123..inosine.5.phosphate.biosynthesis.I",-0.050917009697064,5.11844614711492,-0.00994774746741528,0.9920629767861,1
"876","PWY.5695..inosine.5.phosphate.degradation.1490.7297171829.PWY.5695..inosine.5.phosphate.degradation",-0.0606428579134356,6.09613966499216,-0.00994774746741528,0.9920629767861,1
"877","PYRIDOXSYN.PWY..pyridoxal.5.phosphate.biosynthesis.I.881.1298903032.PYRIDOXSYN.PWY..pyridoxal.5.phosphate.biosynthesis.I",-0.0915841780248171,9.20652422317807,-0.00994774746741528,0.9920629767861,1
"878","PWY.6123..inosine.5.phosphate.biosynthesis.I.1908.8024548859.PWY.6123..inosine.5.phosphate.biosynthesis.I",-0.0512181636595144,5.1487197305002,-0.00994774746741528,0.9920629767861,1
"879","PWY.6123..inosine.5.phosphate.biosynthesis.I.1585.1882737051.PWY.6123..inosine.5.phosphate.biosynthesis.I",-0.0230028028980838,2.31236297196239,-0.00994774746741528,0.9920629767861,1
"880","PWY.6124..inosine.5.phosphate.biosynthesis.II.1181.0119371981.PWY.6124..inosine.5.phosphate.biosynthesis.II",-0.0746665927353073,7.50587939429345,-0.00994774746741528,0.9920629767861,1
"881","PWY.6123..inosine.5.phosphate.biosynthesis.I.77.2973197690.PWY.6123..inosine.5.phosphate.biosynthesis.I",-0.747742115056817,75.1669780024183,-0.00994774746741529,0.9920629767861,1
"882","PWY.6124..inosine.5.phosphate.biosynthesis.II.1778.5545600674.PWY.6124..inosine.5.phosphate.biosynthesis.II",-0.0247783931303321,2.49085465945892,-0.00994774746741528,0.9920629767861,1
"883","PWY.5695..inosine.5.phosphate.degradation.1815.8090910435.PWY.5695..inosine.5.phosphate.degradation",-0.0605199216993176,6.08378146887584,-0.00994774746741528,0.9920629767861,1
"884","PWY.6124..inosine.5.phosphate.biosynthesis.II.1559.8170380983.PWY.6124..inosine.5.phosphate.biosynthesis.II",-0.088996839310704,8.94643130037437,-0.00994774746741528,0.9920629767861,1
"885","PWY.7204..pyridoxal.5.phosphate.salvage.II..plants..26.0124992907.PWY.7204..pyridoxal.5.phosphate.salvage.II..plants.",-1.3841093450974,139.137965617962,-0.00994774746741529,0.9920629767861,1
"886","PWY.8131..5.deoxyadenosine.degradation.II.325.2577035645.PWY.8131..5.deoxyadenosine.degradation.II",-0.172648757854565,17.3555629975621,-0.00994774746741528,0.9920629767861,1
"887","PWY.5695..inosine.5.phosphate.degradation.1631.6828797888.PWY.5695..inosine.5.phosphate.degradation",-0.0644992923005591,6.4838087729742,-0.00994774746741529,0.9920629767861,1
"888","PWY.7234..inosine.5.phosphate.biosynthesis.III.545.1156512523.PWY.7234..inosine.5.phosphate.biosynthesis.III",-0.0934527191128356,9.39435982054713,-0.00994774746741528,0.9920629767861,1
"889","PWY.5695..inosine.5.phosphate.degradation.2106.5139165458.PWY.5695..inosine.5.phosphate.degradation",-0.0228377481019854,2.2957707940207,-0.00994774746741528,0.9920629767861,1
"890","PWY.5695..inosine.5.phosphate.degradation.1515.5955016484.PWY.5695..inosine.5.phosphate.degradation",-0.0400587492972381,4.02691658875078,-0.00994774746741528,0.9920629767861,1
"891","PWY.5695..inosine.5.phosphate.degradation.2407.3124132345.PWY.5695..inosine.5.phosphate.degradation",-0.0460948132913835,4.63369355146692,-0.00994774746741529,0.9920629767861,1
"892","PWY.8131..5.deoxyadenosine.degradation.II.147.6205217443.PWY.8131..5.deoxyadenosine.degradation.II",-0.62474459253971,62.8026188427195,-0.00994774746741528,0.9920629767861,1
"893","PWY0.845..superpathway.of.pyridoxal.5.phosphate.biosynthesis.and.salvage.391.2616475453.PWY0.845..superpathway.of.pyridoxal.5.phosphate.biosynthesis.and.salvage",-0.305670800190873,30.7276397186523,-0.00994774746741528,0.9920629767861,1
"894","PWY.5695..inosine.5.phosphate.degradation.1642.6995909680.PWY.5695..inosine.5.phosphate.degradation",-0.0874141166298128,8.78732767555121,-0.00994774746741528,0.9920629767861,1
"895","PWY0.845..superpathway.of.pyridoxal.5.phosphate.biosynthesis.and.salvage.502.6766187746.PWY0.845..superpathway.of.pyridoxal.5.phosphate.biosynthesis.and.salvage",-0.0868230162607307,8.72790715135532,-0.00994774746741528,0.9920629767861,1
"896","PYRIDOXSYN.PWY..pyridoxal.5.phosphate.biosynthesis.I.759.5482958009.PYRIDOXSYN.PWY..pyridoxal.5.phosphate.biosynthesis.I",-0.196653386160967,19.7686347391831,-0.00994774746741528,0.9920629767861,1
"897","PWY.6123..inosine.5.phosphate.biosynthesis.I.2897.4966183677.PWY.6123..inosine.5.phosphate.biosynthesis.I",-0.0294263175030949,2.95808851194538,-0.00994774746741528,0.9920629767861,1
"898","PWY.8131..5.deoxyadenosine.degradation.II.209.7906230157.PWY.8131..5.deoxyadenosine.degradation.II",-0.131584348844675,13.2275521946743,-0.00994774746741528,0.9920629767861,1
"899","PWY.7234..inosine.5.phosphate.biosynthesis.III.421.2440803070.PWY.7234..inosine.5.phosphate.biosynthesis.III",-0.142075152437527,14.2821430583061,-0.00994774746741528,0.9920629767861,1
"900","PWY.5695..inosine.5.phosphate.degradation.1819.5320929327.PWY.5695..inosine.5.phosphate.degradation",-0.0480343702290466,4.82866803629539,-0.00994774746741528,0.9920629767861,1
"901","PWY.5695..inosine.5.phosphate.degradation.1583.1704807822.PWY.5695..inosine.5.phosphate.degradation",-0.0779142717257714,7.83235320166565,-0.00994774746741528,0.9920629767861,1
"902","PWY.5695..inosine.5.phosphate.degradation.1525.4570738414.PWY.5695..inosine.5.phosphate.degradation",-0.0567683685945435,5.70665558011934,-0.00994774746741528,0.9920629767861,1
"903","PYRIDOXSYN.PWY..pyridoxal.5.phosphate.biosynthesis.I.176.9663274947.PYRIDOXSYN.PWY..pyridoxal.5.phosphate.biosynthesis.I",-0.91725500045999,92.2073065751356,-0.00994774746741528,0.9920629767861,1
"904","PWY.8131..5.deoxyadenosine.degradation.II.35.7052960934.PWY.8131..5.deoxyadenosine.degradation.II",-1.99813169496942,200.862728121565,-0.00994774746741528,0.9920629767861,1
"905","PWY.5695..inosine.5.phosphate.degradation.1078.1860144235.PWY.5695..inosine.5.phosphate.degradation",-0.0908757973749952,9.13531406709578,-0.00994774746741528,0.9920629767861,1
"906","PWY0.845..superpathway.of.pyridoxal.5.phosphate.biosynthesis.and.salvage.1191.3889801378.PWY0.845..superpathway.of.pyridoxal.5.phosphate.biosynthesis.and.salvage",-0.0354473930504019,3.56335875699629,-0.00994774746741528,0.9920629767861,1
"907","PWY.6123..inosine.5.phosphate.biosynthesis.I.1605.8017766378.PWY.6123..inosine.5.phosphate.biosynthesis.I",-0.0373014693528274,3.74974027788819,-0.00994774746741528,0.9920629767861,1
"908","PWY.7234..inosine.5.phosphate.biosynthesis.III.104.4117369339.PWY.7234..inosine.5.phosphate.biosynthesis.III",-0.37472458034975,37.6692896132711,-0.00994774746741528,0.9920629767861,1
"909","PWY.5695..inosine.5.phosphate.degradation.1430.3363424799.PWY.5695..inosine.5.phosphate.degradation",-0.139058140441433,13.9788571128218,-0.00994774746741528,0.9920629767861,1
"910","PWY.6123..inosine.5.phosphate.biosynthesis.I.1814.4047212879.PWY.6123..inosine.5.phosphate.biosynthesis.I",-0.0489644310233379,4.92216264875291,-0.00994774746741528,0.9920629767861,1
"911","PWY.6124..inosine.5.phosphate.biosynthesis.II.1774.1756926886.PWY.6124..inosine.5.phosphate.biosynthesis.II",-0.0501190200362203,5.03822802100572,-0.00994774746741528,0.9920629767861,1
"912","PWY.5695..inosine.5.phosphate.degradation.2423.4726070780.PWY.5695..inosine.5.phosphate.degradation",-0.0368168388585097,3.70102266659929,-0.00994774746741528,0.9920629767861,1
"913","PWY.5695..inosine.5.phosphate.degradation.1576.3930084127.PWY.5695..inosine.5.phosphate.degradation",-0.0475808890774674,4.78308172109543,-0.00994774746741528,0.9920629767861,1
"914","PWY.5695..inosine.5.phosphate.degradation.1613.9273340436.PWY.5695..inosine.5.phosphate.degradation",-0.0781817616459762,7.85924269811506,-0.00994774746741528,0.9920629767861,1
"915","PWY.7234..inosine.5.phosphate.biosynthesis.III.190.6224644681.PWY.7234..inosine.5.phosphate.biosynthesis.III",-0.36117179330005,36.3068920359207,-0.00994774746741528,0.9920629767861,1
"916","PWY.6123..inosine.5.phosphate.biosynthesis.I.1101.3037238377.PWY.6123..inosine.5.phosphate.biosynthesis.I",-0.103996171240732,10.454243192379,-0.00994774746741528,0.9920629767861,1
"917","PWY0.845..superpathway.of.pyridoxal.5.phosphate.biosynthesis.and.salvage.657.3064520675.PWY0.845..superpathway.of.pyridoxal.5.phosphate.biosynthesis.and.salvage",-0.131841025696133,13.2533547044685,-0.00994774746741528,0.9920629767861,1
"918","PWY0.845..superpathway.of.pyridoxal.5.phosphate.biosynthesis.and.salvage.735.3873000043.PWY0.845..superpathway.of.pyridoxal.5.phosphate.biosynthesis.and.salvage",-0.0709897792120182,7.13626672214504,-0.00994774746741528,0.9920629767861,1
"919","PWY0.845..superpathway.of.pyridoxal.5.phosphate.biosynthesis.and.salvage.800.4643547970.PWY0.845..superpathway.of.pyridoxal.5.phosphate.biosynthesis.and.salvage",-0.0393280162698986,3.95345945388355,-0.00994774746741517,0.9920629767861,1
"920","PYRIDOXSYN.PWY..pyridoxal.5.phosphate.biosynthesis.I.844.3098183399.PYRIDOXSYN.PWY..pyridoxal.5.phosphate.biosynthesis.I",-0.0388318548953272,3.90358269774386,-0.00994774746741517,0.9920629767861,1
"921","PWY.6123..inosine.5.phosphate.biosynthesis.I.1430.4356061362.PWY.6123..inosine.5.phosphate.biosynthesis.I",-0.0416084919512151,4.18270488746401,-0.00994774746741517,0.9920629767861,1
"922","PWY0.845..superpathway.of.pyridoxal.5.phosphate.biosynthesis.and.salvage.661.0841751888.PWY0.845..superpathway.of.pyridoxal.5.phosphate.biosynthesis.and.salvage",-0.0972235103208792,9.77341962482908,-0.00994774746741517,0.9920629767861,1
"923","PWY0.845..superpathway.of.pyridoxal.5.phosphate.biosynthesis.and.salvage.706.4070708942.PWY0.845..superpathway.of.pyridoxal.5.phosphate.biosynthesis.and.salvage",-0.0805272821471258,8.09502677977108,-0.00994774746741517,0.9920629767861,1
"924","PWY0.845..superpathway.of.pyridoxal.5.phosphate.biosynthesis.and.salvage.260.5834586925.PWY0.845..superpathway.of.pyridoxal.5.phosphate.biosynthesis.and.salvage",-0.18596579074441,18.6942613243409,-0.00994774746741517,0.9920629767861,1
"925","PWY0.845..superpathway.of.pyridoxal.5.phosphate.biosynthesis.and.salvage.949.5930543285.PWY0.845..superpathway.of.pyridoxal.5.phosphate.biosynthesis.and.salvage",-0.106284315713126,10.6842595332532,-0.00994774746741517,0.9920629767861,1
"926","PWY.7820..teichuronic.acid.biosynthesis..B..subtilis.168.",-5.93815604108008,596.934739299635,-0.00994774746741517,0.9920629767861,1
"927","AEROBACTINSYN.PWY..aerobactin.biosynthesis",-0.230119795682715,23.1328545921069,-0.00994774746741517,0.9920629767861,1
"928","PWY0.845..superpathway.of.pyridoxal.5.phosphate.biosynthesis.and.salvage.45.8697942911.PWY.7388..octanoyl..acyl.carrier.protein..biosynthesis..mitochondria..yeast..44.6623323969.PWY0.781..aspartate.superpathway.43.4153135425.PYRIDNUCSAL.PWY..NAD.salvage.pathway.I..PNC.VI.cycle..42.3543468687.P4.PWY..superpathway.of.L.lysine..L.threonine.and.L.methionine.biosynthesis.I.41.0728447363.PWY.5897..superpathway.of.menaquinol.11.biosynthesis.40.2400608334.PWY.5898..superpathway.of.menaquinol.12.biosynthesis.40.2400608334.PWY.5899..superpathway.of.menaquinol.13.biosynthesis.40.2400608334.PWY.6612..superpathway.of.tetrahydrofolate.biosynthesis.38.4898952415.P125.PWY..superpathway.of..R.R..butanediol.biosynthesis.37.1350333147.P125.PWY..superpathway.of..R.R..butanediol.biosynthesis",-0.51150834581919,51.4195145679648,-0.00994774746741517,0.9920629767861,1
"929","PWY.6123..inosine.5.phosphate.biosynthesis.I.601.4387614573.PWY.6123..inosine.5.phosphate.biosynthesis.I",-0.191552484586624,19.2558652312067,-0.00994774746741517,0.9920629767861,1
"930","PWY.6124..inosine.5.phosphate.biosynthesis.II.1920.2588859192.PWY.6124..inosine.5.phosphate.biosynthesis.II",-0.0347209279984533,3.49033066150756,-0.00994774746741517,0.9920629767861,1
"931","PWY.5695..inosine.5.phosphate.degradation.1249.4139319529.PWY.5695..inosine.5.phosphate.degradation",-0.0344994491124652,3.4680664366955,-0.00994774746741517,0.9920629767861,1
"932","PWY.6123..inosine.5.phosphate.biosynthesis.I.1709.2248580316.PWY.6123..inosine.5.phosphate.biosynthesis.I",-0.0433508470177526,4.35785560095415,-0.00994774746741517,0.9920629767861,1
"933","PWY0.845..superpathway.of.pyridoxal.5.phosphate.biosynthesis.and.salvage.691.0366754326.PWY0.845..superpathway.of.pyridoxal.5.phosphate.biosynthesis.and.salvage",-0.0670081601667137,6.73601339260024,-0.00994774746741517,0.9920629767861,1
"934","PWY.5695..inosine.5.phosphate.degradation.1509.1826012735.PWY.5695..inosine.5.phosphate.degradation",-0.0437496230443932,4.39794266869956,-0.00994774746741517,0.9920629767861,1
"935","PWY.6124..inosine.5.phosphate.biosynthesis.II.1992.8929465623.PWY.6124..inosine.5.phosphate.biosynthesis.II",-0.0431418707049414,4.33684820068632,-0.00994774746741517,0.9920629767861,1
"936","PWY0.845..superpathway.of.pyridoxal.5.phosphate.biosynthesis.and.salvage.433.6534025535.PWY0.845..superpathway.of.pyridoxal.5.phosphate.biosynthesis.and.salvage",-0.604869396620746,60.8046594067707,-0.00994774746741517,0.9920629767861,1
"937","PWY0.845..superpathway.of.pyridoxal.5.phosphate.biosynthesis.and.salvage.828.9684298891.PWY0.845..superpathway.of.pyridoxal.5.phosphate.biosynthesis.and.salvage",-0.166807463877764,16.7683653434265,-0.00994774746741517,0.9920629767861,1
"938","PWY.5695..inosine.5.phosphate.degradation.1986.3937650697.PWY.5695..inosine.5.phosphate.degradation",-0.0536760563859995,5.39580006044798,-0.00994774746741506,0.9920629767861,1
"939","PWY.7234..inosine.5.phosphate.biosynthesis.III.977.0288941627.PWY.7234..inosine.5.phosphate.biosynthesis.III",-0.0683103585767969,6.86691723936047,-0.00994774746741506,0.9920629767861,1
"940","PWY0.845..superpathway.of.pyridoxal.5.phosphate.biosynthesis.and.salvage.934.3756017723.PWY0.845..superpathway.of.pyridoxal.5.phosphate.biosynthesis.and.salvage",-0.127215762583772,12.7883988813027,-0.00994774746741506,0.9920629767861,1
"941","PYRIDOXSYN.PWY..pyridoxal.5.phosphate.biosynthesis.I.527.8916933905.PYRIDOXSYN.PWY..pyridoxal.5.phosphate.biosynthesis.I",-0.0738762316011837,7.42642812789269,-0.00994774746741495,0.9920629767861,1
"942","PWY.6123..inosine.5.phosphate.biosynthesis.I.1231.6629130671.PWY.6123..inosine.5.phosphate.biosynthesis.I",-0.0717548103028174,7.21317167910205,-0.00994774746741506,0.9920629767861,1
"943","PYRIDOXSYN.PWY..pyridoxal.5.phosphate.biosynthesis.I.559.5736732392.PYRIDOXSYN.PWY..pyridoxal.5.phosphate.biosynthesis.I",-0.0809141323936016,8.13391500524563,-0.00994774746741506,0.9920629767861,1
"944","PWY.6124..inosine.5.phosphate.biosynthesis.II.1660.8204868156.PWY.6124..inosine.5.phosphate.biosynthesis.II",-0.0424962664826135,4.27194866192721,-0.00994774746741506,0.9920629767861,1
"945","PWY.7234..inosine.5.phosphate.biosynthesis.III.167.3191509624.PWY.7234..inosine.5.phosphate.biosynthesis.III",-0.378289736628509,38.0276779107671,-0.00994774746741506,0.9920629767861,1
"946","PYRIDOXSYN.PWY..pyridoxal.5.phosphate.biosynthesis.I.616.6362978093.PYRIDOXSYN.PWY..pyridoxal.5.phosphate.biosynthesis.I",-0.0841081495106975,8.45499443830908,-0.00994774746741506,0.9920629767861,1
"947","PWY.5695..inosine.5.phosphate.degradation.2205.3584904311.PWY.5695..inosine.5.phosphate.degradation",-0.0251631670196852,2.52953415857311,-0.00994774746741495,0.9920629767861,1
"948","PWY.7234..inosine.5.phosphate.biosynthesis.III.1546.9404684732.PWY.7234..inosine.5.phosphate.biosynthesis.III",-0.040047499235703,4.02578567327759,-0.00994774746741506,0.9920629767861,1
"949","PWY0.845..superpathway.of.pyridoxal.5.phosphate.biosynthesis.and.salvage.863.5080215232.PWY0.845..superpathway.of.pyridoxal.5.phosphate.biosynthesis.and.salvage",-0.210194879881614,21.1298970515818,-0.00994774746741506,0.9920629767861,1
"950","PWY.6123..inosine.5.phosphate.biosynthesis.I.1886.5620930132.PWY.6123..inosine.5.phosphate.biosynthesis.I",-0.0263791289384428,2.65176905875934,-0.00994774746741506,0.9920629767861,1
"951","PWY.6124..inosine.5.phosphate.biosynthesis.II.1761.5554381242.PWY.6124..inosine.5.phosphate.biosynthesis.II",-0.0255307314378076,2.56648367094524,-0.00994774746741506,0.9920629767861,1
"952","PHOTOALL.PWY..oxygenic.photosynthesis",-4.90110156892038,492.68455848668,-0.00994774746741506,0.9920629767861,1
"953","PWY.7234..inosine.5.phosphate.biosynthesis.III.714.2553113546.PWY.7234..inosine.5.phosphate.biosynthesis.III",-0.11248768390008,11.3078547951228,-0.00994774746741506,0.9920629767861,1
"954","PWY.6124..inosine.5.phosphate.biosynthesis.II.1092.7142453929.PWY.6124..inosine.5.phosphate.biosynthesis.II",-0.0679718804711752,6.83289163640559,-0.00994774746741506,0.9920629767861,1
"955","PWY.5695..inosine.5.phosphate.degradation.1524.8834432631.PWY.5695..inosine.5.phosphate.degradation",-0.046164175220925,4.64066617816158,-0.00994774746741495,0.9920629767861,1
"956","PWY.5695..inosine.5.phosphate.degradation.1654.9092957836.PWY.5695..inosine.5.phosphate.degradation",-0.0428497859202902,4.307486298848,-0.00994774746741506,0.9920629767861,1
"957","PWY.5695..inosine.5.phosphate.degradation.2233.2247156779.PWY.5695..inosine.5.phosphate.degradation",-0.0238180676748065,2.39431768375961,-0.00994774746741495,0.9920629767861,1
"958","PWY.6124..inosine.5.phosphate.biosynthesis.II.1051.4925383685.PWY.6124..inosine.5.phosphate.biosynthesis.II",-0.116962693284519,11.7577063217219,-0.00994774746741506,0.9920629767861,1
"959","PWY.8131..5.deoxyadenosine.degradation.II.123.1988135321.PWY.8131..5.deoxyadenosine.degradation.II",-0.257631702228378,25.8984964256767,-0.00994774746741488,0.9920629767861,1
"960","PWY.7783..plasmalogen.degradation",-1.05382725357461,111.228969785707,-0.00947439552487902,0.992440639181221,1
"961","ARGSYN.PWY..L.arginine.biosynthesis.I..via.L.ornithine.",-7.88046313478942e-07,0.000165116191132198,-0.00477267739811176,0.9961919688472,1
"962","PWY.822..fructan.biosynthesis",-4.42333111559355e-05,0.0113875586126199,-0.00388435420274503,0.996900741546651,1
"963","GLUCOSE1PMETAB.PWY..glucose.and.glucose.1.phosphate.degradation",1.43378108837128e-06,0.000482027169935777,0.00297448189188653,0.997626710321707,1
"964","PWY.7254..TCA.cycle.VII..acetate.producers.",6.12650365595223e-07,0.00197938601673862,0.000309515354970867,0.99975304248088,1
"965","PWY.7204..pyridoxal.5.phosphate.salvage.II..plants..22.0677390055.PWY.5367..petroselinate.biosynthesis.20.9292597366.PWY.5367..petroselinate.biosynthesis",NA,NA,NA,NA,NA
"966","PWY.8131..5.deoxyadenosine.degradation.II.75.1891583363.PWY.1861..formaldehyde.assimilation.II..assimilatory.RuMP.Cycle..72.3079835145.PWY.1861..formaldehyde.assimilation.II..assimilatory.RuMP.Cycle.",NA,NA,NA,NA,NA
"967","PWY.5695..inosine.5.phosphate.degradation.1397.0826214343.PWY.5695..inosine.5.phosphate.degradation",NA,NA,NA,NA,NA
"968","PWY.7234..inosine.5.phosphate.biosynthesis.III.138.8510584941.PWY.7234..inosine.5.phosphate.biosynthesis.III",NA,NA,NA,NA,NA
"969","PWY0.845..superpathway.of.pyridoxal.5.phosphate.biosynthesis.and.salvage.543.4032415859.PWY0.845..superpathway.of.pyridoxal.5.phosphate.biosynthesis.and.salvage",NA,NA,NA,NA,NA
"970","PYRIDOXSYN.PWY..pyridoxal.5.phosphate.biosynthesis.I.439.7950325810.PYRIDOXSYN.PWY..pyridoxal.5.phosphate.biosynthesis.I",NA,NA,NA,NA,NA
"971","PWY.8131..5.deoxyadenosine.degradation.II.12.0906866003.PWY.5104..L.isoleucine.biosynthesis.IV.10.9980361163.PWY4LZ.257..superpathway.of.fermentation..Chlamydomonas.reinhardtii..10.0735930326.P164.PWY..purine.nucleobases.degradation.I..anaerobic..10.0238123549.PWY.7013...S..propane.1.2.diol.degradation.9.7110368247.PWY.7013...S..propane.1.2.diol.degradation",NA,NA,NA,NA,NA
"972","PWY.7204..pyridoxal.5.phosphate.salvage.II..plants..40.1472889783.PWY.6662..superpathway.of.quinolone.and.alkylquinolone.biosynthesis.39.9501471620.PWY.6662..superpathway.of.quinolone.and.alkylquinolone.biosynthesis",NA,NA,NA,NA,NA
"973","PWY.8131..5.deoxyadenosine.degradation.II.56.9302649806.PWY0.1261..anhydromuropeptides.recycling.I.53.1079490466.PWY.7356..thiamine.diphosphate.salvage.IV..yeast..51.7820199800.PWY.7356..thiamine.diphosphate.salvage.IV..yeast.",NA,NA,NA,NA,NA
"974","PWY.7204..pyridoxal.5.phosphate.salvage.II..plants..22.5585181342.REDCITCYC..TCA.cycle.VI..Helicobacter..20.7845576990.PWY.6293..superpathway.of.L.cysteine.biosynthesis..fungi..20.5379738314.PWY0.1337..oleate..beta..oxidation.20.4453288367.PWY0.1337..oleate..beta..oxidation",NA,NA,NA,NA,NA
"975","PWY.8131..5.deoxyadenosine.degradation.II.31.7320933626.PPGPPMET.PWY..ppGpp.metabolism.30.1441133099.POLYAMSYN.PWY..superpathway.of.polyamine.biosynthesis.I.29.9296993403.LACTOSECAT.PWY..lactose.and.galactose.degradation.I.26.0712623333.PWY.6612..superpathway.of.tetrahydrofolate.biosynthesis.25.4256825299.PWY.7117..C4.photosynthetic.carbon.assimilation.cycle..PEPCK.type.23.9881195468.PWY.7115..C4.photosynthetic.carbon.assimilation.cycle..NAD.ME.type.23.9083221717.P105.PWY..TCA.cycle.IV..2.oxoglutarate.decarboxylase..22.0239857936.PWY.5136..fatty.acid..beta..oxidation.II..plant.peroxisome..21.4510775570.PWY.5136..fatty.acid..beta..oxidation.II..plant.peroxisome.",NA,NA,NA,NA,NA
"976","PWY0.845..superpathway.of.pyridoxal.5.phosphate.biosynthesis.and.salvage.18.7540884942.PWY.6969..TCA.cycle.V..2.oxoglutarate.synthase..18.0250477805.PENTOSE.P.PWY..pentose.phosphate.pathway.17.8574715765.NONOXIPENT.PWY..pentose.phosphate.pathway..non.oxidative.branch..I.17.7651049447.UDPNAGSYN.PWY..UDP.N.acetyl.D.glucosamine.biosynthesis.I.17.3671731136.PWY.6606..guanosine.nucleotides.degradation.II.17.3170373681.PWY.6731..starch.degradation.III.17.0441161559.PWY.7210..pyrimidine.deoxyribonucleotides.biosynthesis.from.CTP.17.0324509931.SALVADEHYPOX.PWY..adenosine.nucleotides.degradation.II.16.9489237841.PWY.7323..superpathway.of.GDP.mannose.derived.O.antigen.building.blocks.biosynthesis.16.5235787070.PWY.6545..pyrimidine.deoxyribonucleotides.de.novo.biosynthesis.III.16.1446244143.POLYISOPRENSYN.PWY..polyisoprenoid.biosynthesis..E..coli..16.0202955345.PWY4FS.7..phosphatidylglycerol.biosynthesis.I..plastidic..16.0065937769.PWY4FS.8..phosphatidylglycerol.biosynthesis.II..non.plastidic..16.0065937769.PWY.8004..Entner.Doudoroff.pathway.I.15.9331427140.PWY.7184..pyrimidine.deoxyribonucleotides.de.novo.biosynthesis.I.15.8227087315.GALACTUROCAT.PWY..D.galacturonate.degradation.I.15.8183368157.GALACTUROCAT.PWY..D.galacturonate.degradation.I",NA,NA,NA,NA,NA
"977","PWY.7204..pyridoxal.5.phosphate.salvage.II..plants..49.5139183590.PWY.6607..guanosine.nucleotides.degradation.I.49.4547805862.PWY66.391..fatty.acid..beta..oxidation.VI..mammalian.peroxisome..49.3188785086.PWY.6165..chorismate.biosynthesis.II..archaea..48.4240823140.PWY.6961..L.ascorbate.degradation.II..bacterial..aerobic..47.5596043205.PWY.6961..L.ascorbate.degradation.II..bacterial..aerobic.",NA,NA,NA,NA,NA
"978","PWY.7204..pyridoxal.5.phosphate.salvage.II..plants..22.1186999493.PWY.5347..superpathway.of.L.methionine.biosynthesis..transsulfuration..21.6396932294.MET.SAM.PWY..superpathway.of.S.adenosyl.L.methionine.biosynthesis.21.5032334755.PWY.5005..biotin.biosynthesis.II.21.4019498069.PWY.5136..fatty.acid..beta..oxidation.II..plant.peroxisome..21.0160304617.PWY.5136..fatty.acid..beta..oxidation.II..plant.peroxisome.",NA,NA,NA,NA,NA
"979","PWY.7204..pyridoxal.5.phosphate.salvage.II..plants..47.8622391930.PYRIDNUCSAL.PWY..NAD.salvage.pathway.I..PNC.VI.cycle..46.4260510499.PYRIDNUCSAL.PWY..NAD.salvage.pathway.I..PNC.VI.cycle.",NA,NA,NA,NA,NA
"980","PWY.8131..5.deoxyadenosine.degradation.II.31.6373954725.PWY.7315..dTDP.N.acetylthomosamine.biosynthesis.31.3135901629.PWY.7315..dTDP.N.acetylthomosamine.biosynthesis",NA,NA,NA,NA,NA
"981","PWY.7234..inosine.5.phosphate.biosynthesis.III.19.1355718308.PWY0.1061..superpathway.of.L.alanine.biosynthesis.18.7995193644.PWY0.1061..superpathway.of.L.alanine.biosynthesis",NA,NA,NA,NA,NA
"982","PWY.7204..pyridoxal.5.phosphate.salvage.II..plants..22.6201495976.P4.PWY..superpathway.of.L.lysine..L.threonine.and.L.methionine.biosynthesis.I.21.9972058170.P4.PWY..superpathway.of.L.lysine..L.threonine.and.L.methionine.biosynthesis.I",NA,NA,NA,NA,NA
"983","PWY.5695..inosine.5.phosphate.degradation.2106.1371092231.PWY.5695..inosine.5.phosphate.degradation",NA,NA,NA,NA,NA
"984","PWY.6124..inosine.5.phosphate.biosynthesis.II.2012.9964636420.PWY.6124..inosine.5.phosphate.biosynthesis.II",NA,NA,NA,NA,NA
"985","PWY.7234..inosine.5.phosphate.biosynthesis.III.215.9397843765.PWY.7234..inosine.5.phosphate.biosynthesis.III",NA,NA,NA,NA,NA
"986","PWY.8131..5.deoxyadenosine.degradation.II.70.8876762045.PWY.8131..5.deoxyadenosine.degradation.II",NA,NA,NA,NA,NA
